2020/07/02,2.796,2.891,2.796,2.880,687646308,2114508928.00
2020/07/03,2.893,2.967,2.893,2.964,787174681,2480654336.00
2020/07/06,3.007,3.258,3.007,3.246,2339053083,7843001344.00
2020/07/07,3.303,3.316,3.177,3.179,1819728182,6275115520.00
2020/07/08,3.174,3.266,3.168,3.224,988535773,3386774528.00
2020/07/09,3.223,3.249,3.197,3.236,759348351,2617029120.00
2020/07/10,3.202,3.217,3.137,3.150,784248398,2666360576.00
2020/07/13,3.142,3.235,3.131,3.193,841174565,2868603392.00
2020/07/14,3.185,3.206,3.118,3.157,747200569,2530144256.00
2020/07/15,3.180,3.194,3.119,3.127,673905863,2275871744.00
2020/07/16,3.133,3.147,2.977,2.983,1269468698,4159533056.00
2020/07/17,2.997,3.043,2.972,3.006,693396748,2239589632.00
2020/07/20,3.037,3.117,3.011,3.108,756395566,2492109056.00
2020/07/21,3.118,3.123,3.089,3.106,705225417,2346940416.00
2020/07/22,3.104,3.184,3.092,3.111,921931166,3092646144.00
2020/07/23,3.084,3.130,3.045,3.108,634768634,2102966912.00
2020/07/24,3.095,3.096,2.958,2.977,769536901,2495368192.00
2020/07/27,2.995,3.022,2.963,2.988,421671756,1355130624.00
2020/07/28,3.015,3.029,2.991,3.008,420878797,1360198400.00
2020/07/29,3.005,3.075,2.993,3.068,483308548,1580622976.00
2020/07/30,3.074,3.089,3.053,3.054,362218412,1192828288.00
2020/07/31,3.055,3.114,3.021,3.072,872622932,2870862336.00
2020/08/03,3.090,3.116,3.076,3.105,436063993,1446273152.00
2020/08/04,3.114,3.157,3.105,3.136,843609342,2829040896.00
2020/08/05,3.126,3.126,3.077,3.113,656266687,2182662912.00
2020/08/06,3.122,3.140,3.064,3.115,613640321,2035852032.00
2020/08/07,3.097,3.115,3.042,3.085,450541914,1489021440.00
2020/08/10,3.073,3.135,3.052,3.110,456127861,1517180544.00
2020/08/11,3.108,3.160,3.078,3.084,764764325,2566066944.00
2020/08/12,3.080,3.094,3.022,3.074,678060440,2225641472.00
2020/08/13,3.081,3.086,3.053,3.063,365243136,1202298752.00
2020/08/14,3.062,3.123,3.054,3.120,483047598,1601797632.00
2020/08/17,3.129,3.228,3.125,3.195,998561281,3399768576.00
2020/08/18,3.198,3.204,3.171,3.190,616600600,2103496704.00
2020/08/19,3.189,3.193,3.126,3.128,625511274,2112083584.00
2020/08/20,3.107,3.111,3.072,3.089,464592274,1541349632.00
2020/08/21,3.110,3.129,3.085,3.113,401735624,1338992384.00
2020/08/24,3.126,3.150,3.115,3.123,675876600,2265114368.00
2020/08/25,3.134,3.162,3.123,3.136,419978533,1413743232.00
2020/08/26,3.132,3.152,3.090,3.100,421744124,1407998080.00
2020/08/27,3.104,3.120,3.081,3.119,224394530,746430464.00
2020/08/28,3.114,3.205,3.108,3.201,517650192,1752953984.00
2020/08/31,3.212,3.239,3.166,3.172,522450877,1795221504.00
2020/09/01,3.162,3.182,3.156,3.181,313469098,1063756096.00
2020/09/02,3.191,3.199,3.140,3.172,557717032,1890868864.00
2020/09/03,3.171,3.203,3.148,3.164,293789238,997393088.00
2020/09/04,3.124,3.142,3.110,3.133,306289737,1025193088.00
2020/09/07,3.126,3.152,3.070,3.078,341779252,1140452480.00
2020/09/08,3.093,3.121,3.077,3.113,401768855,1333350912.00
2020/09/09,3.080,3.094,3.035,3.062,434571230,1431874688.00
2020/09/10,3.083,3.097,3.066,3.073,408338579,1350036352.00
2020/09/11,3.061,3.097,3.057,3.090,269912773,890587456.00
2020/09/14,3.104,3.122,3.100,3.118,280336520,934929344.00
2020/09/15,3.119,3.148,3.103,3.144,339804522,1140364672.00
2020/09/16,3.140,3.149,3.114,3.123,250042394,839452864.00
2020/09/17,3.118,3.118,3.084,3.091,254680304,846258304.00
2020/09/18,3.093,3.186,3.091,3.183,719479850,2417685760.00
2020/09/21,3.188,3.196,3.137,3.139,482392161,1632597888.00
2020/09/22,3.119,3.147,3.086,3.099,540055829,1802640384.00
2020/09/23,3.099,3.111,3.082,3.102,409635195,1361370496.00
2020/09/24,3.082,3.091,3.045,3.048,294713447,967950848.00
2020/09/25,3.058,3.073,3.044,3.059,320318247,1050487680.00
2020/09/28,3.068,3.096,3.066,3.079,228523832,754931328.00
2020/09/29,3.097,3.100,3.071,3.072,287012615,948837696.00
2020/09/30,3.087,3.098,3.042,3.058,388025725,1277703296.00
2020/10/09,3.104,3.127,3.102,3.114,469678103,1567201920.00
2020/10/12,3.127,3.221,3.127,3.219,544969092,1860223744.00
2020/10/13,3.205,3.222,3.193,3.214,271994295,932371776.00
2020/10/14,3.208,3.208,3.189,3.201,228471577,781680128.00
2020/10/15,3.196,3.226,3.191,3.202,494940923,1699066496.00
2020/10/16,3.202,3.232,3.185,3.209,393686559,1353526272.00
2020/10/19,3.230,3.263,3.174,3.186,535932001,1844539520.00
2020/10/20,3.175,3.191,3.171,3.189,426396432,1451994880.00
2020/10/21,3.196,3.211,3.180,3.210,433257663,1480408704.00
2020/10/22,3.200,3.210,3.157,3.197,438333102,1494232064.00
2020/10/23,3.197,3.226,3.179,3.185,534227894,1830334976.00
2020/10/26,3.157,3.162,3.117,3.131,535554337,1798975232.00
2020/10/27,3.126,3.131,3.108,3.123,337718901,1129533568.00
2020/10/28,3.123,3.149,3.113,3.141,632950855,2124474368.00
2020/10/29,3.112,3.180,3.106,3.160,471322600,1585602688.00
2020/10/30,3.152,3.160,3.098,3.106,385778133,1293232640.00
2020/11/02,3.110,3.128,3.079,3.094,394402626,1311800064.00
2020/11/03,3.108,3.152,3.107,3.132,389458760,1305997440.00
2020/11/04,3.137,3.172,3.126,3.157,376762310,1270007552.00
2020/11/05,3.195,3.217,3.172,3.195,548497978,1872101888.00
2020/11/06,3.205,3.206,3.164,3.185,384234455,1309046656.00
2020/11/09,3.212,3.259,3.212,3.245,469912381,1626568320.00
2020/11/10,3.268,3.269,3.228,3.243,429095468,1492462720.00
2020/11/11,3.239,3.262,3.237,3.241,261744222,908741376.00
2020/11/12,3.242,3.250,3.213,3.224,296467827,1022547392.00
2020/11/13,3.208,3.208,3.148,3.165,543852196,1841734272.00
2020/11/16,3.187,3.208,3.172,3.206,386260439,1317642624.00
2020/11/17,3.202,3.213,3.190,3.207,323618833,1108946944.00
2020/11/18,3.207,3.235,3.197,3.212,626648067,2159581184.00
2020/11/19,3.201,3.245,3.197,3.237,411932902,1421194880.00
2020/11/20,3.239,3.245,3.222,3.242,352204402,1217078400.00
2020/11/23,3.249,3.317,3.248,3.298,756216358,2653729280.00
2020/11/24,3.298,3.306,3.268,3.270,723999385,2537056768.00
2020/11/25,3.282,3.302,3.244,3.245,595775601,2082198912.00
2020/11/26,3.245,3.276,3.242,3.274,307163558,1069877120.00
2020/11/27,3.275,3.338,3.272,3.334,843676667,2977601024.00
2020/11/30,3.344,3.403,3.300,3.301,1467464876,5193603072.00
2020/12/01,3.304,3.391,3.304,3.385,811632065,2864395264.00
2020/12/02,3.386,3.401,3.353,3.373,541549798,1922213376.00
2020/12/03,3.372,3.380,3.349,3.366,545270803,1927642624.00
2020/12/04,3.363,3.377,3.329,3.371,442716436,1560214912.00
2020/12/07,3.372,3.377,3.320,3.339,486309440,1708975488.00
2020/12/08,3.408,3.408,3.316,3.327,436983773,1535311232.00
2020/12/09,3.335,3.348,3.293,3.298,512286103,1791501952.00
2020/12/10,3.289,3.305,3.267,3.284,458333410,1586190976.00
2020/12/11,3.297,3.306,3.231,3.257,540670655,1857613056.00
2020/12/14,3.263,3.294,3.258,3.289,303408537,1046907328.00
2020/12/15,3.286,3.299,3.265,3.292,300402396,1037206976.00
2020/12/16,3.297,3.315,3.291,3.310,382326587,1329542784.00
2020/12/17,3.315,3.368,3.310,3.365,631899791,2219359488.00
2020/12/18,3.355,3.364,3.315,3.333,726989190,2552152064.00
2020/12/21,3.334,3.356,3.300,3.341,538736687,1889408512.00
2020/12/22,3.336,3.345,3.286,3.292,821657506,2872498944.00
2020/12/23,3.296,3.338,3.296,3.319,778427723,2712982528.00
2020/12/24,3.323,3.340,3.298,3.313,342027162,1193653632.00
2020/12/25,3.300,3.340,3.289,3.337,507738096,1773929344.00
2020/12/28,3.335,3.367,3.323,3.347,437031367,1538010752.00
2020/12/29,3.355,3.365,3.334,3.340,288187752,1013844928.00
2020/12/30,3.337,3.394,3.332,3.391,535168542,1893801856.00
2020/12/31,3.399,3.471,3.399,3.462,668195485,2417288704.00
2021/01/04,3.464,3.483,3.426,3.460,570759818,2070828032.00
2021/01/05,3.453,3.503,3.436,3.499,844943674,3079597312.00
2021/01/06,3.501,3.556,3.489,3.554,651523191,2410271232.00
2021/01/07,3.565,3.635,3.550,3.631,588820087,2210573824.00
2021/01/08,3.638,3.657,3.573,3.610,814331223,3082995456.00
2021/01/11,3.608,3.669,3.578,3.593,619308303,2349883648.00
2021/01/12,3.587,3.732,3.583,3.727,714697993,2742212096.00
2021/01/13,3.738,3.752,3.663,3.690,648591116,2516183808.00
2021/01/14,3.684,3.685,3.619,3.630,562724773,2151668224.00
2021/01/15,3.643,3.685,3.603,3.633,699719411,2670259200.00
2021/01/18,3.621,3.694,3.616,3.665,551065080,2109810944.00
2021/01/19,3.674,3.679,3.608,3.625,432457525,1651465344.00
2021/01/20,3.625,3.655,3.602,3.628,485005290,1844912640.00
2021/01/21,3.645,3.696,3.629,3.668,532673073,2040987776.00
2021/01/22,3.664,3.679,3.638,3.661,462417806,1771629440.00
2021/01/25,3.658,3.722,3.641,3.718,1048827430,4046937600.00
2021/01/26,3.700,3.702,3.625,3.628,664673144,2543772928.00
2021/01/27,3.628,3.649,3.609,3.634,766624223,2915126784.00
2021/01/28,3.590,3.596,3.540,3.559,731226749,2731790080.00
2021/01/29,3.575,3.583,3.489,3.532,657338669,2444146176.00
2021/02/01,3.535,3.561,3.520,3.559,509476743,1893779968.00
2021/02/02,3.569,3.584,3.551,3.580,641496022,2403515904.00
2021/02/03,3.580,3.610,3.559,3.592,380828212,1430590720.00
2021/02/04,3.574,3.636,3.574,3.615,497927696,1880798976.00
2021/02/05,3.632,3.692,3.627,3.662,356766657,1368472576.00
2021/02/08,3.676,3.712,3.648,3.703,458774035,1768024576.00
2021/02/09,3.715,3.768,3.685,3.767,347031586,1350244992.00
2021/02/10,3.778,3.858,3.773,3.840,382168884,1528119680.00
2021/02/18,3.918,3.927,3.809,3.835,579603469,2343966208.00
2021/02/19,3.820,3.836,3.775,3.826,742446617,2955627264.00
2021/02/22,3.830,3.833,3.694,3.701,853631895,3347089408.00
2021/02/23,3.677,3.755,3.673,3.714,594569639,2318195200.00
2021/02/24,3.715,3.724,3.580,3.616,859755074,3285470464.00
2021/02/25,3.652,3.690,3.632,3.671,540372102,2073582336.00
2021/02/26,3.605,3.636,3.569,3.571,769832381,2900948224.00
2021/03/01,3.605,3.608,3.565,3.601,400600102,1507765248.00
2021/03/02,3.623,3.624,3.500,3.535,643368721,2391796992.00
2021/03/03,3.528,3.634,3.526,3.632,517148432,1945427200.00
2021/03/04,3.593,3.600,3.505,3.526,715951650,2659109376.00
2021/03/05,3.478,3.540,3.444,3.506,625701694,2294065152.00
2021/03/08,3.526,3.545,3.384,3.389,791825886,2875137280.00
2021/03/09,3.389,3.413,3.311,3.333,1118752371,3957864960.00
2021/03/10,3.375,3.390,3.342,3.351,445455959,1574736768.00
2021/03/11,3.367,3.445,3.366,3.442,500166304,1796509184.00
2021/03/12,3.459,3.460,3.411,3.445,729295454,2630124032.00
2021/03/15,3.429,3.444,3.354,3.386,396806646,1417111808.00
2021/03/16,3.394,3.424,3.371,3.410,420298125,1502651136.00
2021/03/17,3.404,3.432,3.362,3.404,348177666,1242125440.00
2021/03/18,3.408,3.431,3.403,3.419,321935472,1155110528.00
2021/03/19,3.379,3.388,3.310,3.324,753210725,2655520000.00
2021/03/22,3.319,3.378,3.319,3.351,411897499,1449805952.00
2021/03/23,3.352,3.363,3.295,3.332,484198283,1691697920.00
2021/03/24,3.316,3.346,3.269,3.282,643580882,2229191680.00
2021/03/25,3.269,3.296,3.257,3.280,313949402,1083019136.00
2021/03/26,3.293,3.353,3.293,3.342,466843998,1633928960.00
2021/03/29,3.353,3.374,3.327,3.349,467377310,1650062464.00
2021/03/30,3.350,3.394,3.348,3.389,295522870,1047200448.00
2021/03/31,3.387,3.387,3.330,3.355,155181641,546588608.00
2021/04/01,3.366,3.403,3.360,3.395,278829509,991423488.00
2021/04/02,3.410,3.431,3.394,3.429,268663210,962996352.00
2021/04/06,3.432,3.435,3.394,3.406,248361461,889573248.00
2021/04/07,3.408,3.410,3.354,3.370,157320215,556883136.00
2021/04/08,3.362,3.398,3.343,3.386,220107742,782238208.00
2021/04/09,3.376,3.376,3.321,3.334,222900205,782158784.00
2021/04/12,3.323,3.337,3.282,3.296,742060106,2576015872.00
2021/04/13,3.290,3.318,3.264,3.278,649756429,2245609216.00
2021/04/14,3.280,3.301,3.257,3.284,639346007,2208677632.00
2021/04/15,3.276,3.276,3.214,3.247,385693490,1314812160.00
2021/04/16,3.251,3.273,3.224,3.262,457624801,1567068160.00
2021/04/19,3.258,3.332,3.241,3.328,562866585,1955585664.00
2021/04/20,3.310,3.344,3.301,3.320,397561241,1390939776.00
2021/04/21,3.301,3.336,3.301,3.326,576098944,2012630272.00
2021/04/22,3.336,3.348,3.296,3.309,474319143,1651855104.00
2021/04/23,3.301,3.350,3.301,3.342,528040558,1853662592.00
2021/04/26,3.352,3.371,3.279,3.286,730601406,2552018688.00
2021/04/27,3.284,3.303,3.272,3.294,475711945,1645673728.00
2021/04/28,3.278,3.298,3.261,3.295,683757117,2358016000.00
2021/04/29,3.304,3.343,3.291,3.341,518687394,1814097152.00
2021/04/30,3.338,3.345,3.288,3.310,712682901,2485156608.00
2021/05/06,3.290,3.336,3.260,3.272,665838728,2309635840.00
2021/05/07,3.283,3.288,3.218,3.227,452238441,1546822784.00
2021/05/10,3.245,3.245,3.190,3.227,478090638,1619889152.00
2021/05/11,3.199,3.266,3.195,3.257,489605374,1665396224.00
2021/05/12,3.248,3.278,3.240,3.270,318194217,1092707712.00
2021/05/13,3.244,3.258,3.214,3.235,484668486,1650771712.00
2021/05/14,3.245,3.328,3.230,3.326,603058065,2088582016.00
2021/05/17,3.328,3.380,3.323,3.358,566063703,1999258752.00
2021/05/18,3.366,3.371,3.340,3.356,252170545,888988224.00
2021/05/19,3.346,3.348,3.322,3.332,483006168,1692433920.00
2021/05/20,3.331,3.354,3.313,3.344,301916251,1058648832.00
2021/05/21,3.351,3.368,3.292,3.303,534415380,1867650560.00
2021/05/24,3.302,3.318,3.276,3.317,325345793,1131189760.00
2021/05/25,3.321,3.468,3.321,3.463,1206307810,4305157632.00
2021/05/26,3.476,3.501,3.463,3.476,684458256,2498716160.00
2021/05/27,3.472,3.535,3.447,3.486,569428938,2084615936.00
2021/05/28,3.485,3.513,3.446,3.479,491940578,1794215680.00
2021/05/31,3.474,3.474,3.432,3.467,544967107,1974965248.00
2021/06/01,3.461,3.472,3.424,3.468,467828359,1695717504.00
2021/06/02,3.475,3.483,3.422,3.441,476427429,1722404352.00
2021/06/03,3.436,3.459,3.406,3.412,371426764,1339603328.00
2021/06/04,3.399,3.478,3.393,3.429,725410302,2620795136.00
2021/06/07,3.432,3.434,3.398,3.421,314777235,1128198656.00
2021/06/08,3.419,3.458,3.378,3.400,748174597,2682094848.00
2021/06/09,3.398,3.418,3.390,3.410,435996400,1559788288.00
2021/06/10,3.410,3.458,3.405,3.429,494729956,1785259008.00
2021/06/11,3.437,3.441,3.394,3.399,487356718,1746172288.00
2021/06/15,3.402,3.405,3.334,3.350,438608600,1549764864.00
2021/06/16,3.349,3.354,3.302,3.314,569671858,1993362688.00
2021/06/17,3.311,3.329,3.294,3.307,375637500,1308150912.00
2021/06/18,3.308,3.320,3.259,3.283,647635703,2240428544.00
2021/06/21,3.272,3.287,3.240,3.263,587713074,2017105664.00
2021/06/22,3.272,3.297,3.264,3.292,699930444,2417534464.00
2021/06/23,3.298,3.324,3.286,3.297,986137874,3426523904.00
2021/06/24,3.301,3.317,3.286,3.316,392603306,1364302208.00
2021/06/25,3.317,3.384,3.317,3.369,616350042,2173447424.00
2021/06/28,3.375,3.378,3.338,3.355,479293260,1689986176.00
2021/06/29,3.354,3.354,3.313,3.325,378334184,1325234176.00
2021/06/30,3.326,3.348,3.324,3.343,535123927,1878454016.00
2021/07/01,3.354,3.377,3.319,3.376,912383447,3214618368.00
2021/07/02,3.345,3.358,3.245,3.251,609549653,2106127744.00
2021/07/05,3.247,3.263,3.221,3.248,426280181,1455122944.00
2021/07/06,3.248,3.260,3.218,3.259,662336674,2258333952.00
2021/07/07,3.243,3.284,3.235,3.270,499901108,1716861952.00
2021/07/08,3.273,3.281,3.211,3.223,574155624,1956405760.00
2021/07/09,3.212,3.225,3.177,3.210,541821300,1828720768.00
2021/07/12,3.230,3.265,3.210,3.238,499814342,1705243264.00
2021/07/13,3.242,3.272,3.235,3.249,374690818,1283452288.00
2021/07/14,3.248,3.248,3.184,3.196,608260479,2051832832.00
2021/07/15,3.196,3.272,3.192,3.268,677168306,2311712512.00
2021/07/16,3.266,3.273,3.225,3.231,599545713,2048015232.00
2021/07/19,3.218,3.252,3.180,3.244,823050020,2790248448.00
2021/07/20,3.220,3.243,3.218,3.236,416582252,1417034368.00
2021/07/21,3.243,3.276,3.234,3.249,614545335,2104195200.00
2021/07/22,3.253,3.275,3.245,3.253,473804139,1625540608.00
2021/07/23,3.253,3.255,3.213,3.216,486565879,1652414976.00
2021/07/26,3.199,3.202,3.053,3.087,1077822309,3538673920.00
2021/07/27,3.087,3.101,2.973,2.984,916395520,2943539712.00
2021/07/28,2.980,3.028,2.954,3.011,1375378402,4360822784.00
2021/07/29,3.057,3.060,3.017,3.040,1027235063,3296128768.00
2021/07/30,3.018,3.018,2.974,2.991,525898205,1664828416.00
2021/08/02,2.978,3.078,2.948,3.070,1170401857,3764606720.00
2021/08/03,3.056,3.096,3.041,3.082,556312598,1804723712.00
2021/08/04,3.075,3.102,3.069,3.092,578407947,1884690304.00
2021/08/05,3.075,3.127,3.062,3.086,286971842,938195392.00
2021/08/06,3.078,3.079,3.046,3.060,275368020,889400128.00
2021/08/09,3.038,3.118,3.031,3.096,386442029,1258724480.00
2021/08/10,3.089,3.155,3.057,3.150,423944846,1390954240.00
2021/08/11,3.141,3.161,3.123,3.123,327959112,1087005824.00
2021/08/12,3.117,3.125,3.086,3.089,230336724,753589248.00
2021/08/13,3.078,3.108,3.063,3.082,291691610,948315008.00
2021/08/16,3.083,3.113,3.068,3.090,334998304,1093329664.00
2021/08/17,3.088,3.108,3.005,3.010,664909946,2148158208.00
2021/08/18,3.010,3.072,3.002,3.052,646778110,2072317056.00
2021/08/19,3.048,3.048,2.992,3.006,584118800,1863245312.00
2021/08/20,2.987,2.992,2.909,2.936,1493245755,4664360960.00
2021/08/23,2.950,2.977,2.937,2.964,1047652598,3282125824.00
2021/08/24,2.974,3.029,2.972,3.013,980087102,3114462464.00
2021/08/25,3.019,3.039,3.002,3.025,839718678,2680400640.00
2021/08/26,3.025,3.027,2.954,2.956,429417725,1352201600.00
2021/08/27,2.953,3.015,2.953,2.987,582399354,1842628224.00
2021/08/30,3.003,3.008,2.954,2.977,387592703,1219525376.00
2021/08/31,2.964,2.992,2.920,2.966,711120530,2223885824.00
2021/09/01,2.957,3.054,2.932,3.035,1154777365,3669320448.00
2021/09/02,3.039,3.059,3.015,3.032,650014335,2084417024.00
2021/09/03,3.037,3.073,3.005,3.040,792382328,2551363072.00
2021/09/06,3.041,3.098,3.034,3.075,751347932,2440656128.00
2021/09/07,3.077,3.128,3.055,3.112,560195102,1827574656.00
2021/09/08,3.111,3.123,3.069,3.077,499630258,1630740864.00
2021/09/09,3.063,3.076,3.050,3.068,385845928,1248284800.00
2021/09/10,3.064,3.134,3.062,3.120,636237931,2086083712.00
2021/09/13,3.109,3.139,3.087,3.109,389688432,1279332096.00
2021/09/14,3.106,3.126,3.045,3.056,591318184,1923848064.00
2021/09/15,3.053,3.054,2.994,3.014,661102013,2113130240.00
2021/09/16,3.012,3.025,2.976,2.995,794308582,2520730368.00
2021/09/17,2.995,3.028,2.972,3.027,816152658,2594475008.00
2021/09/22,2.976,2.996,2.964,2.986,951987488,3002386944.00
2021/09/23,3.006,3.028,2.980,2.992,546689846,1733275776.00
2021/09/24,2.988,3.036,2.987,3.014,665822814,2123803776.00
2021/09/27,3.028,3.081,3.026,3.075,1253036127,4052494080.00
2021/09/28,3.071,3.093,3.043,3.075,507399219,1644949760.00
2021/09/29,3.053,3.088,3.023,3.076,767053532,2479461376.00
2021/09/30,3.076,3.078,3.050,3.059,521097066,1685853824.00
2021/10/08,3.090,3.128,3.086,3.123,734601345,2416701696.00
2021/10/11,3.137,3.181,3.134,3.140,881909167,2932563200.00
2021/10/12,3.128,3.150,3.099,3.123,703599890,2318202880.00
2021/10/13,3.120,3.171,3.108,3.155,700594561,2324792064.00
2021/10/14,3.150,3.170,3.127,3.134,632867438,2097664384.00
2021/10/15,3.130,3.168,3.118,3.160,540417897,1798181760.00
2021/10/18,3.162,3.162,3.078,3.096,1165545048,3814958848.00
2021/10/19,3.091,3.128,3.091,3.119,820705592,2701064960.00
2021/10/20,3.128,3.148,3.106,3.121,341818099,1126173056.00
2021/10/21,3.128,3.161,3.118,3.142,425964351,1409867264.00
2021/10/22,3.151,3.202,3.150,3.180,554788742,1856518272.00
2021/10/25,3.165,3.185,3.157,3.178,518292544,1732904704.00
2021/10/26,3.184,3.199,3.148,3.157,656111500,2190343680.00
2021/10/27,3.145,3.145,3.105,3.115,698626192,2300873728.00
2021/10/28,3.108,3.122,3.093,3.114,581631648,1908774912.00
2021/10/29,3.117,3.133,3.109,3.132,616219745,2029577600.00
2021/11/01,3.112,3.132,3.096,3.117,736783701,2423456768.00
2021/11/02,3.117,3.136,3.056,3.078,757041022,2469436928.00
2021/11/03,3.078,3.087,3.040,3.047,459409889,1484765056.00
2021/11/04,3.060,3.080,3.055,3.073,519586084,1684474112.00
2021/11/05,3.066,3.095,3.056,3.071,446083316,1450573824.00
2021/11/08,3.068,3.085,3.050,3.059,580408266,1879253248.00
2021/11/09,3.074,3.083,3.039,3.052,488921429,1578309248.00
2021/11/10,3.051,3.051,2.989,3.034,638780752,2036890368.00
2021/11/11,3.028,3.105,3.028,3.103,566481920,1840148224.00
2021/11/12,3.108,3.112,3.084,3.090,632386532,2064458240.00
2021/11/15,3.096,3.113,3.078,3.092,521550952,1702072320.00
2021/11/16,3.094,3.111,3.075,3.092,558113910,1822411136.00
2021/11/17,3.084,3.095,3.066,3.072,680852230,2211430912.00
2021/11/18,3.065,3.066,3.031,3.039,528235208,1697800448.00
2021/11/19,3.035,3.088,3.033,3.078,628170573,2033867392.00
2021/11/22,3.084,3.093,3.073,3.076,517612628,1683786624.00
2021/11/23,3.071,3.101,3.068,3.089,716076454,2336490496.00
2021/11/24,3.089,3.117,3.079,3.101,569230394,1860253952.00
2021/11/25,3.105,3.107,3.078,3.082,364599800,1187907968.00
2021/11/26,3.075,3.077,3.046,3.051,531486900,1717221120.00
2021/11/29,3.044,3.056,3.029,3.051,519448946,1649430016.00
2021/11/30,3.054,3.064,3.018,3.033,398169552,1262295040.00
2021/12/01,3.033,3.051,3.032,3.045,306678124,973039296.00
2021/12/02,3.041,3.067,3.030,3.057,347492118,1106036096.00
2021/12/03,3.061,3.085,3.055,3.084,502028120,1608191104.00
2021/12/06,3.089,3.120,3.089,3.094,613975123,1986950400.00
2021/12/07,3.113,3.130,3.103,3.120,549913271,1785432064.00
2021/12/08,3.128,3.175,3.111,3.170,594824960,1951257600.00
2021/12/09,3.177,3.262,3.174,3.221,1402651241,4711578112.00
2021/12/10,3.209,3.222,3.202,3.218,911015916,3045397760.00
2021/12/13,3.244,3.288,3.221,3.223,811171143,2746873088.00
2021/12/14,3.210,3.229,3.197,3.206,813245704,2717779200.00
2021/12/15,3.201,3.215,3.172,3.173,419777830,1395086080.00
2021/12/16,3.173,3.186,3.161,3.184,651653500,2154496512.00
2021/12/17,3.181,3.186,3.132,3.134,830208899,2726207488.00
2021/12/20,3.123,3.149,3.102,3.112,845681649,2750762496.00
2021/12/21,3.108,3.132,3.108,3.127,529556333,1723112704.00
2021/12/22,3.131,3.141,3.110,3.113,885583531,2877846272.00
2021/12/23,3.120,3.146,3.103,3.144,541819157,1762128768.00
2021/12/24,3.144,3.158,3.130,3.142,647059066,2118664448.00
2021/12/27,3.141,3.151,3.120,3.137,913087911,2982399232.00
2021/12/28,3.140,3.163,3.135,3.155,895735662,2936194816.00
2021/12/29,3.156,3.161,3.092,3.094,693683483,2252549376.00
2021/12/30,3.094,3.131,3.090,3.116,460235661,1494140288.00
2021/12/31,3.124,3.138,3.117,3.125,478245088,1558192256.00
2022/01/04,3.139,3.139,3.074,3.116,555264359,1793352704.00
2022/01/05,3.111,3.146,3.095,3.110,629308389,2042819712.00
2022/01/06,3.098,3.107,3.049,3.062,781909436,2501908736.00
2022/01/07,3.068,3.092,3.068,3.076,546725999,1756458752.00
2022/01/10,3.077,3.092,3.054,3.085,480625329,1542651776.00
2022/01/11,3.085,3.102,3.061,3.065,550484021,1766569600.00
2022/01/12,3.075,3.099,3.067,3.089,531375250,1707418624.00
2022/01/13,3.095,3.103,3.033,3.035,791741595,2527951616.00
2022/01/14,3.029,3.031,2.988,2.989,728869966,2285227008.00
2022/01/17,2.987,3.012,2.986,3.000,564491350,1767100032.00
2022/01/18,3.000,3.051,2.989,3.038,1133838823,3581074176.00
2022/01/19,3.045,3.055,3.025,3.038,486995679,1545037696.00
2022/01/20,3.037,3.106,3.037,3.083,741549141,2380332544.00
2022/01/21,3.080,3.089,3.058,3.075,624296582,2000037120.00
2022/01/24,3.061,3.072,3.034,3.064,696507280,2219540480.00
2022/01/25,3.048,3.050,2.994,2.998,743175714,2345231360.00
2022/01/26,3.005,3.021,2.982,3.013,843365639,2648454400.00
2022/01/27,3.014,3.014,2.967,2.976,969817557,3029864704.00
2022/01/28,2.986,2.994,2.898,2.905,1199419308,3688024064.00
2022/02/07,2.951,2.980,2.943,2.964,740435734,2291127808.00
2022/02/08,2.966,2.972,2.909,2.967,653342323,2009339904.00
2022/02/09,2.969,2.998,2.959,2.989,815928435,2539232256.00
2022/02/10,2.991,2.998,2.975,2.997,502039403,1565474688.00
2022/02/11,2.988,3.024,2.981,2.992,547767071,1718538752.00
2022/02/14,2.984,2.987,2.946,2.957,525543800,1626756096.00
2022/02/15,2.954,2.979,2.949,2.969,419853873,1299681920.00
2022/02/16,2.983,2.999,2.978,2.985,427968140,1335079936.00
2022/02/17,2.981,3.009,2.981,2.988,411764586,1286970880.00
2022/02/18,2.979,3.016,2.971,3.013,396213097,1238739328.00
2022/02/21,3.008,3.009,2.978,2.999,517077600,1613113728.00
2022/02/22,2.969,2.971,2.932,2.950,640069840,1971297792.00
2022/02/23,2.958,2.970,2.941,2.969,528840760,1634065792.00
2022/02/24,2.953,2.953,2.891,2.912,645242258,1970707456.00
2022/02/25,2.924,2.957,2.916,2.925,690413511,2117127040.00
2022/02/28,2.922,2.933,2.900,2.930,318337866,970271360.00
2022/03/01,2.942,2.981,2.942,2.974,545882088,1687950592.00
2022/03/02,2.961,2.964,2.949,2.957,323335065,998170240.00
2022/03/03,2.970,2.978,2.938,2.947,360368446,1111193216.00
2022/03/04,2.919,2.929,2.900,2.915,598176941,1820762112.00
2022/03/07,2.895,2.897,2.815,2.824,747523153,2225462016.00
2022/03/08,2.834,2.854,2.768,2.784,1236647336,3638941440.00
2022/03/09,2.798,2.814,2.659,2.756,1242148393,3580232448.00
2022/03/10,2.811,2.817,2.778,2.782,1078132803,3160686592.00
2022/03/11,2.750,2.798,2.701,2.791,1036180901,2987125504.00
2022/03/14,2.749,2.770,2.699,2.701,930174051,2669001216.00
2022/03/15,2.669,2.682,2.552,2.556,1506534000,4126797568.00
2022/03/16,2.589,2.691,2.542,2.679,1625101981,4455049216.00
2022/03/17,2.735,2.768,2.710,2.726,1079191326,3093930240.00
2022/03/18,2.715,2.779,2.705,2.760,883087633,2537726720.00
2022/03/21,2.767,2.768,2.718,2.743,874342004,2510854144.00
2022/03/22,2.734,2.775,2.732,2.751,490337674,1413958400.00
2022/03/23,2.761,2.778,2.742,2.768,627502990,1814844032.00
2022/03/24,2.749,2.771,2.738,2.753,291579030,840749056.00
2022/03/25,2.749,2.765,2.705,2.707,425799462,1218662400.00
2022/03/28,2.683,2.720,2.650,2.705,676007366,1906883840.00
2022/03/29,2.711,2.725,2.689,2.692,349506851,991126272.00
2022/03/30,2.711,2.768,2.711,2.767,743308576,2137583360.00
2022/03/31,2.759,2.765,2.746,2.750,549268286,1584805632.00
2022/04/01,2.732,2.808,2.727,2.792,776568840,2254310144.00
2022/04/06,2.773,2.790,2.758,2.780,825594959,2398340864.00
2022/04/07,2.768,2.799,2.748,2.753,532291355,1543673728.00
2022/04/08,2.754,2.784,2.742,2.778,535844031,1551171968.00
2022/04/11,2.766,2.766,2.692,2.701,715207200,2034586752.00
2022/04/12,2.701,2.747,2.681,2.745,834140464,2377636352.00
2022/04/13,2.730,2.764,2.725,2.735,510781312,1468231680.00
2022/04/14,2.759,2.797,2.750,2.780,763366163,2218710528.00
2022/04/15,2.764,2.797,2.759,2.783,847805536,2471210240.00
2022/04/18,2.758,2.759,2.725,2.740,660440474,1896478720.00
2022/04/19,2.737,2.751,2.692,2.713,611713866,1743034496.00
2022/04/20,2.715,2.718,2.679,2.685,541970290,1531785216.00
2022/04/21,2.673,2.698,2.632,2.649,830824207,2325792512.00
2022/04/22,2.627,2.677,2.620,2.664,609422117,1699084288.00
2022/04/25,2.609,2.627,2.529,2.531,1243437148,3378722560.00
2022/04/26,2.529,2.582,2.519,2.533,1232214896,3297143296.00
2022/04/27,2.531,2.587,2.527,2.583,1386674794,3739354368.00
2022/04/28,2.575,2.623,2.572,2.618,1080532144,2952175360.00
2022/04/29,2.630,2.676,2.594,2.662,875763675,2424102400.00
2022/05/05,2.662,2.681,2.650,2.650,775703581,2166992128.00
2022/05/06,2.612,2.617,2.566,2.572,976821346,2653636864.00
2022/05/09,2.556,2.568,2.530,2.546,690934326,1848751744.00
2022/05/10,2.518,2.589,2.497,2.570,851965852,2284312064.00
2022/05/11,2.564,2.620,2.564,2.591,927450234,2530197248.00
2022/05/12,2.579,2.591,2.565,2.571,518862021,1405084160.00
2022/05/13,2.589,2.612,2.580,2.598,398697264,1087246336.00
2022/05/16,2.614,2.616,2.560,2.571,592281858,1605527680.00
2022/05/17,2.580,2.607,2.577,2.606,467528842,1274458624.00
2022/05/18,2.616,2.616,2.571,2.597,568912702,1550360192.00
2022/05/19,2.568,2.603,2.565,2.595,446115159,1210351744.00
2022/05/20,2.611,2.664,2.609,2.662,892272637,2474674176.00
2022/05/23,2.667,2.667,2.620,2.632,709371006,1961050496.00
2022/05/24,2.633,2.638,2.585,2.589,712111290,1952134656.00
2022/05/25,2.590,2.603,2.580,2.594,608997328,1657074304.00
2022/05/26,2.599,2.622,2.567,2.594,545805917,1484799616.00
2022/05/27,2.616,2.642,2.604,2.613,539618699,1487042432.00
2022/05/30,2.634,2.642,2.619,2.627,631044523,1741725696.00
2022/05/31,2.627,2.670,2.621,2.661,536254632,1493499904.00
2022/06/01,2.664,2.664,2.635,2.651,512684341,1426048000.00
2022/06/02,2.636,2.648,2.628,2.646,367202688,1016592192.00
2022/06/06,2.647,2.679,2.615,2.679,544327021,1515472384.00
2022/06/07,2.677,2.720,2.669,2.698,577668873,1635056000.00
2022/06/08,2.706,2.744,2.703,2.732,562627170,1604535552.00
2022/06/09,2.729,2.749,2.714,2.722,539818538,1544512128.00
2022/06/10,2.704,2.764,2.698,2.755,470239185,1346315136.00
2022/06/13,2.723,2.729,2.685,2.704,593110772,1681453184.00
2022/06/14,2.678,2.745,2.668,2.743,775588093,2194338560.00
2022/06/15,2.741,2.832,2.740,2.782,1227122390,3591944960.00
2022/06/16,2.791,2.798,2.749,2.755,463996393,1347935872.00
2022/06/17,2.742,2.805,2.740,2.798,715297731,2083071104.00
2022/06/20,2.802,2.823,2.771,2.792,699088936,2044557440.00
2022/06/21,2.793,2.820,2.775,2.798,571003821,1672869248.00
2022/06/22,2.801,2.804,2.765,2.767,397350263,1157514496.00
2022/06/23,2.770,2.814,2.769,2.808,448679489,1311328128.00
2022/06/24,2.821,2.859,2.815,2.847,540159716,1601795200.00
2022/06/27,2.860,2.909,2.860,2.885,758064811,2288335104.00
2022/06/28,2.886,2.970,2.867,2.912,432187074,1307050752.00
2022/06/29,2.898,2.924,2.877,2.887,455801545,1380922880.00
2022/06/30,2.886,2.969,2.886,2.938,566487474,1737013376.00
2022/07/01,2.947,2.953,2.914,2.927,418434782,1281364096.00
2022/07/04,2.914,2.934,2.890,2.932,305782009,931995456.00
2022/07/05,2.945,2.965,2.896,2.932,560218641,1712521984.00
2022/07/06,2.924,2.926,2.863,2.880,442604829,1335811712.00
2022/07/07,2.871,2.889,2.852,2.871,382975367,1150200448.00
2022/07/08,2.891,2.908,2.873,2.875,292043110,881322880.00
2022/07/11,2.859,2.860,2.819,2.830,434107610,1286585856.00
2022/07/12,2.825,2.844,2.803,2.813,412520935,1218156416.00
2022/07/13,2.813,2.822,2.793,2.804,291652335,857259456.00
2022/07/14,2.800,2.807,2.771,2.784,418512189,1222818944.00
2022/07/15,2.780,2.818,2.740,2.741,802783877,2332966400.00
2022/07/18,2.747,2.788,2.733,2.780,485984054,1406809984.00
2022/07/19,2.775,2.779,2.740,2.768,496141886,1434523520.00
2022/07/20,2.784,2.791,2.769,2.777,435637687,1267792768.00
2022/07/21,2.768,2.775,2.741,2.743,433289188,1250566912.00
2022/07/22,2.750,2.781,2.734,2.756,689478056,1995337728.00
2022/07/25,2.752,2.756,2.737,2.747,394892422,1135669632.00
2022/07/26,2.751,2.773,2.751,2.760,397074059,1148621056.00
2022/07/27,2.753,2.756,2.731,2.736,624651117,1793487232.00
2022/07/28,2.748,2.774,2.733,2.735,811806264,2339335680.00
2022/07/29,2.740,2.762,2.691,2.697,609826461,1740933888.00
2022/08/01,2.690,2.701,2.671,2.687,425615415,1198460288.00
2022/08/02,2.665,2.665,2.614,2.639,594022441,1643765760.00
2022/08/03,2.645,2.662,2.613,2.619,573368276,1584371456.00
2022/08/04,2.633,2.654,2.625,2.646,867555204,2404237312.00
2022/08/05,2.657,2.689,2.644,2.684,617502953,1722853248.00
2022/08/08,2.674,2.683,2.658,2.669,413307897,1158355072.00
2022/08/09,2.668,2.676,2.660,2.670,329196384,921778496.00
2022/08/10,2.666,2.676,2.627,2.637,434408976,1207218432.00
2022/08/11,2.650,2.698,2.643,2.695,683506979,1919505408.00
2022/08/12,2.691,2.712,2.685,2.705,460106467,1301788416.00
2022/08/15,2.693,2.722,2.687,2.689,298468615,844836544.00
2022/08/16,2.693,2.704,2.671,2.676,314701764,886542464.00
2022/08/17,2.676,2.701,2.657,2.692,377994845,1063987008.00
2022/08/18,2.689,2.692,2.658,2.666,382914737,1072639168.00
2022/08/19,2.661,2.681,2.657,2.661,393969886,1102733824.00
2022/08/22,2.653,2.677,2.647,2.662,619756423,1731032832.00
2022/08/23,2.663,2.669,2.635,2.643,502269652,1395247872.00
2022/08/24,2.648,2.661,2.612,2.615,768517748,2123445760.00
2022/08/25,2.622,2.668,2.616,2.662,795526749,2203557120.00
2022/08/26,2.664,2.675,2.657,2.663,463561063,1295958400.00
2022/08/29,2.638,2.650,2.629,2.641,363504852,1007041280.00
2022/08/30,2.644,2.650,2.614,2.637,363078114,1002535104.00
2022/08/31,2.625,2.692,2.623,2.670,791750381,2212308480.00
2022/09/01,2.663,2.671,2.639,2.644,590774029,1647792256.00
2022/09/02,2.648,2.652,2.606,2.621,808352821,2228542720.00
2022/09/05,2.612,2.616,2.585,2.610,503100027,1373200768.00
2022/09/06,2.614,2.636,2.612,2.633,590997388,1628304256.00
2022/09/07,2.621,2.630,2.614,2.623,464349161,1277352832.00
2022/09/08,2.626,2.636,2.616,2.617,434148124,1197687552.00
2022/09/09,2.624,2.675,2.623,2.669,687876810,1918852864.00
2022/09/13,2.678,2.693,2.662,2.677,648762465,1823372544.00
2022/09/14,2.652,2.673,2.649,2.657,908188895,2534487552.00
2022/09/15,2.663,2.679,2.640,2.653,1202453200,3355268096.00
2022/09/16,2.643,2.650,2.591,2.593,1593629071,4375777792.00
2022/09/19,2.586,2.604,2.579,2.588,804965420,2191439360.00
2022/09/20,2.599,2.602,2.575,2.583,623272006,1694955776.00
2022/09/21,2.574,2.582,2.550,2.560,562331057,1516755712.00
2022/09/22,2.548,2.558,2.533,2.539,658247437,1759693952.00
2022/09/23,2.535,2.560,2.528,2.541,622487335,1665702400.00
2022/09/26,2.528,2.559,2.520,2.523,774939204,2069510144.00
2022/09/27,2.526,2.554,2.517,2.550,741885615,1979284096.00
2022/09/28,2.538,2.545,2.517,2.520,737843151,1965171712.00
2022/09/29,2.537,2.552,2.505,2.520,732951806,1951099776.00
2022/09/30,2.523,2.543,2.516,2.519,751490841,1997170432.00
2022/10/10,2.519,2.522,2.449,2.455,778160642,2035182592.00
2022/10/11,2.457,2.462,2.441,2.447,503306753,1299435136.00
2022/10/12,2.449,2.467,2.387,2.463,809394556,2070628992.00
2022/10/13,2.445,2.451,2.424,2.433,641402188,1645638912.00
2022/10/14,2.455,2.506,2.451,2.494,1052343312,2752012288.00
2022/10/17,2.484,2.495,2.471,2.492,522893256,1366455936.00
2022/10/18,2.505,2.510,2.473,2.477,490499310,1284671744.00
2022/10/19,2.475,2.483,2.425,2.426,638567636,1645859584.00
2022/10/20,2.411,2.447,2.403,2.413,729632680,1858155904.00
2022/10/21,2.419,2.425,2.382,2.396,632097017,1602802432.00
2022/10/24,2.389,2.406,2.293,2.308,1774811332,4376183808.00
2022/10/25,2.296,2.340,2.286,2.300,1093038077,2664513536.00
2022/10/26,2.300,2.348,2.299,2.308,1345018971,3293093120.00
2022/10/27,2.320,2.343,2.287,2.288,1088537745,2658001152.00
2022/10/28,2.272,2.288,2.229,2.234,1117953598,2670625536.00
2022/10/31,2.213,2.234,2.190,2.202,1219580393,2852410624.00
2022/11/01,2.211,2.307,2.211,2.305,1377024150,3288850944.00
2022/11/02,2.291,2.345,2.284,2.325,1567254472,3834184448.00
2022/11/03,2.307,2.316,2.281,2.294,972230044,2361828096.00
2022/11/04,2.291,2.388,2.291,2.375,1313377697,3268200960.00
2022/11/07,2.358,2.400,2.355,2.384,1110673676,2787113984.00
2022/11/08,2.385,2.393,2.351,2.366,660571167,1648211072.00
2022/11/09,2.366,2.380,2.341,2.347,664332911,1651636992.00
2022/11/10,2.333,2.362,2.322,2.351,1167814521,2892796160.00
2022/11/11,2.419,2.458,2.390,2.424,1697369272,4326808576.00
2022/11/14,2.469,2.487,2.439,2.445,1548630557,4013741312.00
2022/11/15,2.436,2.504,2.433,2.494,1222614349,3189122816.00
2022/11/16,2.489,2.506,2.477,2.484,780640392,2043886720.00
2022/11/17,2.473,2.479,2.440,2.469,1027870002,2660742144.00
2022/11/18,2.474,2.483,2.451,2.459,752479919,1953528576.00
2022/11/21,2.437,2.439,2.395,2.426,826805929,2101931136.00
2022/11/22,2.424,2.468,2.415,2.439,940862267,2417284608.00
2022/11/23,2.435,2.464,2.429,2.444,933057340,2406141952.00
2022/11/24,2.457,2.472,2.422,2.427,711970000,1832825472.00
2022/11/25,2.424,2.464,2.421,2.454,631289133,1628041472.00
2022/11/28,2.406,2.417,2.367,2.409,1028846094,2592277248.00
2022/11/29,2.435,2.519,2.435,2.517,1404322671,3670243328.00
2022/11/30,2.507,2.532,2.503,2.514,700599410,1853936768.00
2022/12/01,2.566,2.591,2.537,2.538,773566205,2050786944.00
2022/12/02,2.536,2.542,2.519,2.523,820538549,2153288448.00
2022/12/05,2.554,2.587,2.541,2.586,1083021613,2883331840.00
2022/12/06,2.579,2.613,2.568,2.594,816630494,2193238784.00
2022/12/07,2.586,2.616,2.568,2.577,912756491,2448139264.00
2022/12/08,2.574,2.591,2.570,2.583,452715710,1210498176.00
2022/12/09,2.585,2.622,2.570,2.614,789658964,2125558656.00
2022/12/12,2.595,2.607,2.577,2.582,483170464,1297769216.00
2022/12/13,2.583,2.598,2.578,2.585,355155997,951883840.00
2022/12/14,2.585,2.611,2.574,2.602,704453064,1893755904.00
2022/12/15,2.600,2.613,2.574,2.588,540083591,1448617472.00
2022/12/16,2.579,2.604,2.576,2.599,550495679,1478414464.00
2022/12/19,2.603,2.611,2.549,2.559,793180681,2117504128.00
2022/12/20,2.550,2.554,2.491,2.513,814017176,2127875072.00
2022/12/21,2.514,2.528,2.513,2.518,548689697,1434438912.00
2022/12/22,2.538,2.557,2.520,2.535,584074487,1538909440.00
2022/12/23,2.520,2.543,2.511,2.528,767832774,2014199424.00
2022/12/26,2.529,2.539,2.514,2.518,462343676,1210960896.00
2022/12/27,2.545,2.556,2.532,2.548,731285962,1929865088.00
2022/12/28,2.544,2.562,2.535,2.555,711606830,1881691520.00
2022/12/29,2.540,2.545,2.519,2.541,652941918,1714475648.00
2022/12/30,2.552,2.566,2.549,2.555,573213231,1520649088.00
2023/01/03,2.546,2.565,2.521,2.557,699409077,1844826496.00
2023/01/04,2.558,2.574,2.552,2.566,681150478,1810452608.00
2023/01/05,2.586,2.621,2.582,2.616,767349284,2071085568.00
2023/01/06,2.618,2.637,2.615,2.631,520734419,1416608256.00
2023/01/09,2.640,2.664,2.637,2.656,576704074,1584096640.00
2023/01/10,2.656,2.664,2.646,2.648,370396361,1017608320.00
2023/01/11,2.652,2.676,2.648,2.654,550124071,1517125248.00
2023/01/12,2.663,2.667,2.648,2.660,376002541,1034524416.00
2023/01/13,2.668,2.706,2.664,2.705,621151642,1728075904.00
2023/01/16,2.707,2.787,2.706,2.753,1494268546,4262365440.00
2023/01/17,2.751,2.756,2.730,2.744,774535597,2196088576.00
2023/01/18,2.745,2.756,2.722,2.725,437414496,1236940544.00
2023/01/19,2.717,2.737,2.700,2.735,1060896108,2985736704.00
2023/01/20,2.744,2.764,2.737,2.754,515337134,1465592320.00
2023/01/30,2.806,2.811,2.749,2.755,722228977,2069324928.00
2023/01/31,2.756,2.771,2.720,2.725,1002308679,2836178432.00
2023/02/01,2.732,2.737,2.693,2.736,880146750,2472760320.00
2023/02/02,2.745,2.746,2.711,2.730,605065895,1704484736.00
2023/02/03,2.712,2.721,2.666,2.689,718604961,1995759616.00
2023/02/06,2.662,2.663,2.630,2.645,802640840,2196833536.00
2023/02/07,2.654,2.665,2.643,2.653,538588991,1480672000.00
2023/02/08,2.656,2.675,2.642,2.646,411614645,1130538496.00
2023/02/09,2.642,2.682,2.640,2.675,741944608,2051188992.00
2023/02/10,2.668,2.671,2.652,2.663,447068384,1231361024.00
2023/02/13,2.652,2.685,2.644,2.681,691453884,1910593152.00
2023/02/14,2.682,2.693,2.673,2.692,369811437,1026498624.00
2023/02/15,2.691,2.697,2.661,2.666,462919140,1279511936.00
2023/02/16,2.670,2.703,2.637,2.656,928407263,2574727680.00
2023/02/17,2.651,2.673,2.624,2.627,828617857,2274513664.00
2023/02/20,2.635,2.707,2.628,2.704,1616301226,4457500160.00
2023/02/21,2.703,2.722,2.694,2.718,1257125373,3523699968.00
2023/02/22,2.704,2.711,2.678,2.681,906876700,2528661248.00
2023/02/23,2.684,2.703,2.668,2.680,549270788,1525445888.00
2023/02/24,2.679,2.679,2.633,2.642,584589873,1603326976.00
2023/02/27,2.629,2.651,2.625,2.639,375352871,1026115200.00
2023/02/28,2.645,2.655,2.614,2.652,574726981,1569746176.00
2023/03/01,2.650,2.698,2.643,2.683,1075249163,2982122752.00
2023/03/02,2.678,2.696,2.673,2.682,491163888,1364403328.00
2023/03/03,2.691,2.698,2.669,2.685,510575754,1418655488.00
2023/03/06,2.685,2.686,2.646,2.655,671582365,1847879936.00
2023/03/07,2.650,2.673,2.621,2.624,849608115,2329976064.00
2023/03/08,2.614,2.616,2.591,2.603,650647222,1753945600.00
2023/03/09,2.604,2.607,2.570,2.584,925180900,2481642752.00
2023/03/10,2.567,2.580,2.546,2.548,782545231,2078417792.00
2023/03/13,2.546,2.585,2.546,2.575,579290238,1543605376.00
2023/03/14,2.572,2.572,2.539,2.557,665310467,1763790720.00
2023/03/15,2.576,2.585,2.557,2.558,679853158,1809780352.00
2023/03/16,2.543,2.561,2.531,2.533,644852726,1702994048.00
2023/03/17,2.552,2.586,2.529,2.543,1107669000,2934196992.00
2023/03/20,2.546,2.557,2.524,2.526,559014917,1472764928.00
2023/03/21,2.536,2.558,2.534,2.553,877468974,2317373440.00
2023/03/22,2.560,2.577,2.553,2.562,779656882,2073499392.00
2023/03/23,2.553,2.580,2.553,2.579,421821049,1123529344.00
2023/03/24,2.575,2.577,2.559,2.566,422413587,1123718016.00
2023/03/27,2.561,2.568,2.539,2.549,497208843,1313211264.00
2023/03/28,2.555,2.563,2.543,2.550,481423217,1273345536.00
2023/03/29,2.566,2.570,2.542,2.546,437034380,1157229952.00
2023/03/30,2.546,2.579,2.539,2.578,581113590,1541860992.00
2023/03/31,2.581,2.594,2.569,2.575,582710375,1558996992.00
2023/04/03,2.575,2.586,2.564,2.578,577560034,1542149120.00
2023/04/04,2.581,2.589,2.569,2.588,527752513,1409821184.00
2023/04/06,2.577,2.585,2.568,2.576,510222258,1362775552.00
2023/04/07,2.576,2.605,2.575,2.595,439409862,1181089920.00
2023/04/10,2.600,2.603,2.583,2.596,427487549,1148831488.00
2023/04/11,2.598,2.605,2.580,2.590,513475640,1379171200.00
2023/04/12,2.592,2.594,2.573,2.575,352987311,943960960.00
2023/04/13,2.569,2.586,2.562,2.579,426096748,1136774912.00
2023/04/14,2.586,2.602,2.580,2.590,375875152,1008943488.00
2023/04/17,2.590,2.645,2.586,2.644,826009562,2241058304.00
2023/04/18,2.641,2.662,2.637,2.654,684090031,1878871168.00
2023/04/19,2.655,2.659,2.627,2.630,705940330,1930501632.00
2023/04/20,2.630,2.632,2.605,2.612,992778510,2688941312.00
2023/04/21,2.614,2.615,2.561,2.565,694042756,1862111488.00
2023/04/24,2.564,2.568,2.519,2.529,653784248,1723665664.00
2023/04/25,2.532,2.538,2.507,2.528,684351380,1790892032.00
2023/04/26,2.528,2.536,2.517,2.525,990182884,2595482368.00
2023/04/27,2.525,2.570,2.523,2.562,610672633,1612306944.00
2023/04/28,2.562,2.593,2.562,2.586,538594750,1441790080.00
2023/05/04,2.576,2.604,2.563,2.601,803327390,2158070016.00
2023/05/05,2.605,2.613,2.581,2.593,427609849,1151525888.00
2023/05/08,2.596,2.636,2.593,2.630,771897264,2094906112.00
2023/05/09,2.634,2.658,2.611,2.612,946039158,2581293568.00
2023/05/10,2.608,2.618,2.579,2.580,1267144202,3407351552.00
2023/05/11,2.589,2.596,2.570,2.574,341470901,914424256.00
2023/05/12,2.571,2.579,2.536,2.537,838146301,2219185664.00
2023/05/15,2.536,2.587,2.529,2.586,736541276,1948633600.00
2023/05/16,2.588,2.594,2.570,2.580,413953680,1108002048.00
2023/05/17,2.577,2.583,2.549,2.555,646383779,1719511808.00
2023/05/18,2.561,2.574,2.541,2.551,500181098,1326092032.00
2023/05/19,2.543,2.560,2.520,2.540,489558932,1289095168.00
2023/05/22,2.538,2.579,2.536,2.565,605754570,1607624576.00
2023/05/23,2.569,2.571,2.522,2.523,567988351,1497705728.00
2023/05/24,2.519,2.522,2.482,2.483,1025572594,2661080320.00
2023/05/25,2.479,2.482,2.450,2.471,567270454,1453349888.00
2023/05/26,2.469,2.480,2.443,2.469,489519797,1251103232.00
2023/05/29,2.476,2.481,2.447,2.458,487439010,1244092544.00
2023/05/30,2.457,2.466,2.417,2.447,773312680,1961064960.00
2023/05/31,2.434,2.436,2.400,2.406,822006916,2060054144.00
2023/06/01,2.401,2.437,2.401,2.411,744160842,1871859200.00
2023/06/02,2.426,2.461,2.424,2.454,634889522,1611645312.00
2023/06/05,2.448,2.455,2.433,2.442,367321899,932481472.00
2023/06/06,2.441,2.475,2.427,2.429,608887795,1547803264.00
2023/06/07,2.439,2.451,2.417,2.428,419696213,1061363008.00
2023/06/08,2.424,2.464,2.417,2.453,606536452,1537183744.00
2023/06/09,2.456,2.467,2.451,2.461,673689778,1719697024.00
2023/06/12,2.460,2.474,2.442,2.461,698317477,1781936768.00
2023/06/13,2.457,2.473,2.447,2.470,349546745,893465600.00
2023/06/14,2.471,2.492,2.468,2.469,641937997,1652532736.00
2023/06/15,2.476,2.509,2.475,2.508,475735571,1229740800.00
2023/06/16,2.510,2.537,2.509,2.531,552836286,1447020672.00
2023/06/19,2.528,2.528,2.495,2.499,390464865,1015451712.00
2023/06/20,2.495,2.504,2.482,2.487,331357574,856964352.00
2023/06/21,2.481,2.490,2.458,2.460,509543580,1309329664.00
2023/06/26,2.446,2.447,2.425,2.432,821192234,2074965504.00
2023/06/27,2.432,2.454,2.423,2.447,602977208,1527392512.00
2023/06/28,2.441,2.457,2.433,2.456,799154314,2029496320.00
2023/06/29,2.452,2.458,2.435,2.441,335843850,851871360.00
2023/06/30,2.440,2.463,2.435,2.448,423851991,1078814208.00
2023/07/03,2.454,2.490,2.451,2.486,535434731,1376150016.00
2023/07/04,2.486,2.491,2.479,2.490,234890110,605857792.00
2023/07/05,2.486,2.492,2.470,2.475,290818050,747943232.00
2023/07/06,2.468,2.481,2.451,2.456,275541600,704464064.00
2023/07/07,2.450,2.455,2.438,2.445,356969708,907380352.00
2023/07/10,2.457,2.477,2.450,2.458,349871690,894634240.00
2023/07/11,2.469,2.479,2.461,2.475,377371480,967983808.00
2023/07/12,2.478,2.488,2.468,2.474,352103898,906041984.00
2023/07/13,2.488,2.515,2.486,2.515,538817171,1401149184.00
2023/07/14,2.520,2.524,2.510,2.515,364754590,952326656.00
2023/07/17,2.509,2.509,2.481,2.490,590652203,1525315584.00
2023/07/18,2.493,2.497,2.478,2.487,283836794,732573952.00
2023/07/19,2.481,2.497,2.480,2.496,354079301,914391296.00
2023/07/20,2.499,2.515,2.479,2.482,470657342,1220356096.00
2023/07/21,2.484,2.507,2.476,2.492,733859393,1896642816.00
2023/07/24,2.474,2.490,2.469,2.479,387408549,996493760.00
2023/07/25,2.515,2.561,2.515,2.561,1531727112,4037185280.00
2023/07/26,2.556,2.562,2.548,2.558,487045821,1290286848.00
2023/07/27,2.562,2.577,2.548,2.559,787883227,2096215680.00
2023/07/28,2.543,2.642,2.543,2.633,1117566551,3017759744.00
2023/07/31,2.652,2.689,2.629,2.637,976585156,2682260992.00
2023/08/01,2.633,2.656,2.622,2.629,711858665,1941419136.00
2023/08/02,2.624,2.637,2.596,2.604,858807185,2322574848.00
2023/08/03,2.602,2.631,2.596,2.629,801584392,2171835136.00
2023/08/04,2.654,2.670,2.629,2.631,963295966,2641123328.00
2023/08/07,2.617,2.623,2.607,2.620,950679046,2574777600.00
2023/08/08,2.611,2.632,2.596,2.615,815814758,2207884544.00
2023/08/09,2.606,2.624,2.604,2.615,956918700,2592590592.00
2023/08/10,2.610,2.618,2.592,2.612,670725015,1812057088.00
2023/08/11,2.612,2.614,2.546,2.548,1316539286,3507923456.00
2023/08/14,2.521,2.534,2.507,2.528,701911640,1837370112.00
2023/08/15,2.526,2.538,2.503,2.529,749605398,1962151168.00
2023/08/16,2.514,2.532,2.509,2.510,691416403,1805684096.00
2023/08/17,2.500,2.524,2.489,2.516,803668166,2087042304.00
2023/08/18,2.516,2.527,2.485,2.486,1009894621,2623677440.00
2023/08/21,2.483,2.490,2.453,2.453,774315443,1985151488.00
2023/08/22,2.461,2.485,2.442,2.473,950797200,2431593216.00
2023/08/23,2.465,2.475,2.435,2.441,988118634,2519512064.00
2023/08/24,2.445,2.478,2.444,2.459,665820605,1699966464.00
2023/08/25,2.451,2.486,2.448,2.469,789969030,2021090816.00
2023/08/28,2.612,2.616,2.489,2.502,1869356610,4923733504.00
2023/08/29,2.496,2.532,2.493,2.512,1078413230,2810876672.00
2023/08/30,2.516,2.523,2.501,2.505,666361036,1735331968.00
2023/08/31,2.506,2.515,2.488,2.496,551369647,1430002816.00
2023/09/01,2.507,2.530,2.506,2.516,807271851,2106628480.00
2023/09/04,2.539,2.568,2.530,2.564,966252600,2556384768.00
2023/09/05,2.555,2.556,2.542,2.547,489619781,1293288064.00
2023/09/06,2.537,2.548,2.529,2.543,452242191,1190218240.00
2023/09/07,2.537,2.539,2.512,2.517,448850982,1175420928.00
2023/09/08,2.509,2.515,2.495,2.502,516845780,1342113792.00
2023/09/11,2.502,2.535,2.500,2.519,484549513,1265626880.00
2023/09/12,2.516,2.521,2.510,2.515,308622816,805115328.00
2023/09/13,2.514,2.526,2.490,2.507,661502571,1720177536.00
2023/09/14,2.510,2.523,2.500,2.514,565631332,1473698688.00
2023/09/15,2.521,2.531,2.492,2.502,1125926966,2932957184.00
2023/09/18,2.497,2.517,2.486,2.516,511562714,1330766848.00
2023/09/19,2.514,2.519,2.500,2.515,408663268,1064346240.00
2023/09/20,2.512,2.514,2.502,2.503,540767590,1406574208.00
2023/09/21,2.496,2.505,2.477,2.478,636126493,1641438848.00
2023/09/22,2.476,2.541,2.472,2.540,1248614079,3260070912.00
2023/09/25,2.533,2.534,2.511,2.515,630656315,1647726976.00
2023/09/26,2.513,2.519,2.496,2.498,538994312,1400038784.00
2023/09/27,2.497,2.522,2.497,2.510,787717948,2048604800.00
2023/09/28,2.515,2.518,2.486,2.489,901875427,2336548864.00
2023/10/09,2.484,2.487,2.457,2.481,709474087,1822548096.00
2023/10/10,2.491,2.501,2.463,2.465,639330069,1646034176.00
2023/10/11,2.479,2.486,2.468,2.473,499553597,1284088576.00
2023/10/12,2.498,2.509,2.486,2.497,647116806,1675887104.00
2023/10/13,2.479,2.481,2.466,2.472,627382127,1610513152.00
2023/10/16,2.474,2.476,2.442,2.449,545574314,1390957056.00
2023/10/17,2.454,2.462,2.444,2.459,512365204,1305836288.00
2023/10/18,2.456,2.462,2.445,2.449,644857171,1641461760.00
2023/10/19,2.436,2.436,2.377,2.380,1548862072,3862174976.00
2023/10/20,2.370,2.380,2.357,2.366,967334013,2383220736.00
2023/10/23,2.361,2.368,2.327,2.347,1172409582,2861862656.00
2023/10/24,2.353,2.362,2.333,2.355,804466605,1966471040.00
2023/10/25,2.381,2.392,2.363,2.367,1167034112,2881007872.00
2023/10/26,2.358,2.379,2.356,2.376,587775109,1446754688.00
2023/10/27,2.369,2.410,2.363,2.400,674257500,1672977408.00
2023/10/30,2.391,2.405,2.386,2.398,561528580,1397838464.00
2023/10/31,2.393,2.398,2.382,2.394,698390661,1734504704.00
2023/11/01,2.434,2.436,2.397,2.403,1005069241,2515490816.00
2023/11/02,2.409,2.423,2.398,2.399,439605766,1100881280.00
2023/11/03,2.403,2.426,2.401,2.419,445414671,1117568000.00
2023/11/06,2.434,2.444,2.427,2.439,570192870,1442477696.00
2023/11/07,2.434,2.435,2.420,2.428,511293012,1289007360.00
2023/11/08,2.421,2.433,2.407,2.420,498041025,1252143616.00
2023/11/09,2.413,2.428,2.411,2.420,539436775,1355518464.00
2023/11/10,2.411,2.413,2.391,2.396,593862100,1479753984.00
2023/11/13,2.400,2.403,2.377,2.390,496014450,1230909568.00
2023/11/14,2.394,2.402,2.378,2.388,550828933,1367791616.00
2023/11/15,2.406,2.415,2.400,2.409,714949518,1788279936.00
2023/11/16,2.407,2.407,2.382,2.384,797690471,1981040512.00
2023/11/17,2.379,2.384,2.359,2.380,2805425515,6923472896.00
2023/11/20,2.378,2.395,2.364,2.386,706342105,1749220480.00
2023/11/21,2.393,2.415,2.391,2.398,800478683,1998848000.00
2023/11/22,2.391,2.396,2.376,2.377,600905196,1489593344.00
2023/11/23,2.376,2.390,2.366,2.386,540802872,1335876992.00
2023/11/24,2.381,2.384,2.369,2.373,642947107,1588186112.00
2023/11/27,2.371,2.372,2.336,2.352,647522350,1555543936.00
2023/11/28,2.348,2.354,2.340,2.351,510558864,1226821248.00
2023/11/29,2.352,2.356,2.329,2.340,1410266945,3375092224.00
2023/11/30,2.338,2.351,2.335,2.346,549824293,1318575360.00
2023/12/01,2.345,2.345,2.311,2.330,1637229977,3903011840.00
2023/12/04,2.333,2.333,2.311,2.312,602125759,1430200576.00
2023/12/05,2.307,2.308,2.262,2.264,966826721,2262667520.00
2023/12/06,2.260,2.277,2.251,2.262,724291473,1679044864.00
2023/12/07,2.258,2.262,2.237,2.252,845843586,1948908672.00
2023/12/08,2.253,2.268,2.248,2.259,578433581,1338105472.00
2023/12/11,2.245,2.279,2.222,2.269,1388947665,3206687488.00
2023/12/12,2.263,2.285,2.259,2.282,1271068258,2963779328.00
2023/12/13,2.275,2.276,2.235,2.236,916559426,2113160192.00
2023/12/14,2.249,2.257,2.223,2.225,799725472,1833907712.00
2023/12/15,2.236,2.260,2.219,2.226,1194529441,2736672768.00
2023/12/18,2.215,2.237,2.203,2.228,746483124,1702216576.00
2023/12/19,2.225,2.242,2.215,2.231,783445041,1788840320.00
2023/12/20,2.236,2.240,2.216,2.218,711885313,1626615424.00
2023/12/21,2.208,2.250,2.208,2.244,1403494003,3216135680.00
2023/12/22,2.242,2.266,2.232,2.252,1771117299,4082702848.00
2023/12/25,2.251,2.259,2.245,2.253,825443294,1904272384.00
2023/12/26,2.253,2.254,2.236,2.244,1001360975,2300801280.00
2023/12/27,2.244,2.253,2.230,2.247,1140214957,2619377664.00
2023/12/28,2.245,2.305,2.243,2.299,1306719824,3053581312.00
2023/12/29,2.295,2.310,2.290,2.300,917464230,2160909824.00
2024/01/02,2.301,2.301,2.271,2.272,787310141,1838299264.00
2024/01/03,2.269,2.281,2.265,2.277,627676145,1461195264.00
2024/01/04,2.276,2.277,2.240,2.259,906163641,2093817088.00
2024/01/05,2.253,2.277,2.235,2.248,1019415882,2356530432.00
2024/01/08,2.245,2.254,2.219,2.223,888765005,2030449536.00
2024/01/09,2.226,2.231,2.214,2.225,853922969,1945903872.00
2024/01/10,2.220,2.238,2.211,2.215,800237537,1821165952.00
2024/01/11,2.214,2.232,2.206,2.220,751873354,1709975168.00
2024/01/12,2.213,2.232,2.209,2.217,593806006,1351633408.00
2024/01/15,2.208,2.238,2.205,2.217,566587522,1288484992.00
2024/01/16,2.213,2.230,2.202,2.229,1136526820,2581364480.00
2024/01/17,2.220,2.222,2.177,2.179,1272251876,2867308800.00
2024/01/18,2.170,2.223,2.141,2.219,4825657100,10801613824.00
2024/01/19,2.204,2.232,2.195,2.227,3784481259,8604240896.00
2024/01/22,2.219,2.237,2.183,2.206,2873150176,6539374080.00
2024/01/23,2.200,2.219,2.181,2.203,1430700006,3226612736.00
2024/01/24,2.214,2.245,2.189,2.240,1629979256,3704587264.00
2024/01/25,2.241,2.297,2.236,2.292,1545790266,3594294784.00
2024/01/26,2.285,2.304,2.277,2.295,2431087444,5710766592.00
2024/01/29,2.295,2.308,2.284,2.287,1163352306,2734417408.00
2024/01/30,2.275,2.283,2.249,2.251,1278177869,2966181120.00
2024/01/31,2.243,2.254,2.221,2.237,1949449232,4477275136.00
2024/02/01,2.226,2.250,2.218,2.228,2015125432,4613678592.00
2024/02/02,2.229,2.244,2.158,2.213,2109162682,4791054336.00
2024/02/05,2.198,2.248,2.179,2.234,1635986271,3717343744.00
2024/02/06,2.226,2.304,2.224,2.296,2385726511,5559702016.00
2024/02/07,2.300,2.326,2.283,2.325,2999487701,7075158528.00
2024/02/08,2.334,2.340,2.311,2.330,3290382863,7825611776.00
2024/02/19,2.343,2.349,2.327,2.348,1749353089,4186607616.00
2024/02/20,2.344,2.351,2.332,2.347,988164874,2369139712.00
2024/02/21,2.340,2.420,2.336,2.389,1957688618,4775414784.00
2024/02/22,2.385,2.414,2.383,2.411,873550215,2145403520.00
2024/02/23,2.411,2.428,2.404,2.412,1061144807,2619541760.00
2024/02/26,2.409,2.410,2.366,2.371,1902510775,4640194560.00
2024/02/27,2.363,2.384,2.361,2.383,1248810042,3029288448.00
2024/02/28,2.383,2.399,2.367,2.369,1792847993,4368541696.00
2024/02/29,2.362,2.393,2.362,2.389,1286103554,3131930368.00
2024/03/01,2.385,2.401,2.376,2.393,1191423872,2912366336.00
2024/03/04,2.389,2.403,2.383,2.396,1273564556,3118727680.00
2024/03/05,2.387,2.432,2.384,2.426,2432653629,6003144704.00
2024/03/06,2.423,2.430,2.412,2.413,1500129104,3712948480.00
2024/03/07,2.411,2.426,2.396,2.405,968197064,2386691840.00
2024/03/08,2.405,2.414,2.388,2.405,813179591,1997938688.00
2024/03/11,2.405,2.425,2.396,2.424,1037741034,2558986752.00
2024/03/12,2.424,2.439,2.417,2.430,1606725938,3990464000.00
2024/03/13,2.426,2.427,2.398,2.410,1013191973,2495595264.00
2024/03/14,2.409,2.426,2.394,2.404,852648080,2101941504.00
2024/03/15,2.396,2.411,2.387,2.406,1023426023,2509046016.00
2024/03/18,2.404,2.420,2.399,2.416,895925379,2207873024.00
2024/03/19,2.411,2.421,2.394,2.399,993209300,2442316032.00
2024/03/20,2.392,2.412,2.387,2.405,808470821,1986075648.00
2024/03/21,2.410,2.422,2.404,2.405,608478466,1501322368.00
2024/03/22,2.400,2.402,2.365,2.383,1466630917,3569943552.00
2024/03/25,2.378,2.398,2.373,2.382,706030136,1723222144.00
2024/03/26,2.384,2.395,2.378,2.391,727926049,1777001088.00
2024/03/27,2.386,2.401,2.377,2.378,844524757,2062872192.00
2024/03/28,2.376,2.404,2.365,2.383,1168146185,2848278528.00
2024/03/29,2.380,2.398,2.379,2.394,634334702,1550757504.00
2024/04/01,2.400,2.430,2.400,2.420,964542321,2387593216.00
2024/04/02,2.421,2.426,2.408,2.416,663053245,1638174976.00
2024/04/03,2.417,2.419,2.402,2.408,596610701,1470758016.00
2024/04/08,2.401,2.410,2.385,2.395,945289759,2318565376.00
2024/04/09,2.394,2.398,2.378,2.382,662190812,1615618048.00
2024/04/10,2.384,2.390,2.366,2.376,847010591,2061198208.00
2024/04/11,2.368,2.382,2.357,2.374,650197154,1577499392.00
2024/04/12,2.373,2.379,2.346,2.353,755534934,1825001856.00
2024/04/15,2.351,2.405,2.350,2.403,1448822976,3542177792.00
2024/04/16,2.398,2.409,2.375,2.393,1073800094,2631564032.00
2024/04/17,2.389,2.420,2.376,2.418,1002160007,2458853376.00
2024/04/18,2.411,2.449,2.409,2.425,1174795146,2919442176.00
2024/04/19,2.415,2.425,2.402,2.409,841950347,2077412736.00
2024/04/22,2.410,2.431,2.401,2.405,809244501,1999412864.00
2024/04/23,2.402,2.407,2.390,2.392,546199301,1338976256.00
2024/04/24,2.399,2.407,2.385,2.402,667920561,1637772288.00
2024/04/25,2.398,2.417,2.390,2.411,546700405,1344262784.00
2024/04/26,2.413,2.449,2.413,2.441,1025253325,2552948736.00
2024/04/29,2.439,2.475,2.434,2.456,1274586378,3201015552.00
2024/04/30,2.453,2.464,2.443,2.445,610226600,1530682368.00
2024/05/06,2.473,2.486,2.465,2.475,1029252930,2603957504.00
2024/05/07,2.474,2.483,2.469,2.480,557582653,1412238976.00
2024/05/08,2.476,2.477,2.463,2.465,502589430,1268695296.00
2024/05/09,2.464,2.486,2.464,2.481,480642263,1217520512.00
2024/05/10,2.487,2.495,2.470,2.488,957530338,2429604608.00
2024/05/13,2.480,2.492,2.465,2.485,836587806,2120015232.00
2024/05/14,2.484,2.489,2.470,2.476,561591579,1421424512.00
2024/05/15,2.474,2.480,2.453,2.458,685513669,1725564800.00
2024/05/16,2.462,2.477,2.454,2.468,774059785,1952385408.00
2024/05/17,2.468,2.508,2.466,2.506,943388639,2393025536.00
2024/05/20,2.507,2.525,2.502,2.512,652796901,1677191424.00
2024/05/21,2.507,2.511,2.496,2.507,495562701,1268200192.00
2024/05/22,2.503,2.514,2.499,2.508,576951057,1478840192.00
2024/05/23,2.500,2.502,2.475,2.482,1014816589,2577201920.00
2024/05/24,2.474,2.484,2.451,2.453,926557780,2338037248.00
2024/05/27,2.457,2.478,2.457,2.476,853284829,2153491712.00
2024/05/28,2.476,2.484,2.465,2.469,494623500,1251433856.00
2024/05/29,2.467,2.490,2.466,2.470,547851824,1387191296.00
2024/05/30,2.467,2.480,2.447,2.453,692224690,1740791936.00
2024/05/31,2.457,2.467,2.442,2.444,526007122,1319365504.00
2024/06/03,2.441,2.454,2.433,2.447,610477461,1525472128.00
2024/06/04,2.445,2.468,2.442,2.461,687487300,1726177408.00
2024/06/05,2.460,2.464,2.449,2.450,605581609,1520838400.00
2024/06/06,2.455,2.473,2.443,2.451,717814500,1803766912.00
2024/06/07,2.457,2.461,2.428,2.440,720576002,1799425152.00
2024/06/11,2.433,2.435,2.401,2.410,992243700,2449930496.00
2024/06/12,2.406,2.412,2.398,2.407,695812961,1711513600.00
2024/06/13,2.411,2.411,2.390,2.397,712956419,1749727360.00
2024/06/14,2.393,2.419,2.386,2.414,897068161,2204621312.00
2024/06/17,2.398,2.406,2.395,2.399,991137042,2433455872.00
2024/06/18,2.398,2.410,2.393,2.399,621849600,1526849024.00
2024/06/19,2.400,2.407,2.393,2.403,591825062,1453691648.00
2024/06/20,2.400,2.411,2.393,2.396,760900713,1868123776.00
2024/06/21,2.394,2.400,2.373,2.391,1636597300,3995896576.00
2024/06/24,2.375,2.407,2.372,2.391,1278460961,3122801152.00
2024/06/25,2.391,2.397,2.369,2.382,1033174701,2520755200.00
2024/06/26,2.377,2.393,2.371,2.386,862678961,2101358592.00
2024/06/27,2.381,2.384,2.366,2.379,931118346,2263826944.00
2024/06/28,2.373,2.398,2.371,2.386,742955922,1814786816.00
2024/07/01,2.385,2.400,2.377,2.395,662193191,1617680128.00
2024/07/02,2.392,2.413,2.391,2.407,929069370,2286800896.00
2024/07/03,2.408,2.411,2.398,2.407,377352006,928360512.00
2024/07/04,2.409,2.420,2.398,2.399,632129170,1556480512.00
2024/07/05,2.399,2.404,2.358,2.379,1193835871,2901136128.00
2024/07/08,2.371,2.382,2.361,2.367,694425011,1684210816.00
2024/07/09,2.366,2.398,2.350,2.389,1005916467,2448496384.00
2024/07/10,2.385,2.396,2.383,2.385,506729401,1238683776.00
2024/07/11,2.398,2.414,2.390,2.411,647689010,1592910976.00
2024/07/12,2.413,2.429,2.412,2.426,1099509223,2725852672.00
2024/07/15,2.423,2.439,2.420,2.436,1144750398,2849936896.00
2024/07/16,2.434,2.449,2.426,2.445,1208825419,3012994816.00
2024/07/17,2.443,2.462,2.441,2.455,1133348143,2841428480.00
2024/07/18,2.450,2.471,2.444,2.467,1317556580,3310701568.00
2024/07/19,2.460,2.493,2.446,2.484,2995549990,7583547904.00
2024/07/22,2.482,2.483,2.444,2.460,1069696754,2688982272.00
2024/07/23,2.454,2.461,2.424,2.428,700216328,1747985152.00
2024/07/24,2.421,2.434,2.408,2.419,985698806,2439409152.00
2024/07/25,2.410,2.416,2.383,2.395,1327787431,3255110656.00
2024/07/26,2.396,2.400,2.374,2.389,1398651626,3412317440.00
2024/07/29,2.386,2.391,2.376,2.380,565222717,1378369408.00
2024/07/30,2.375,2.377,2.353,2.367,1577558841,3817955072.00
2024/07/31,2.366,2.412,2.365,2.408,1015608036,2485013248.00
2024/08/01,2.405,2.410,2.390,2.393,600949600,1474349696.00
2024/08/02,2.382,2.392,2.370,2.378,932429846,2269291776.00
2024/08/05,2.370,2.396,2.358,2.362,2299450902,5580889088.00
2024/08/06,2.372,2.380,2.325,2.346,1326693900,3184782848.00
2024/08/07,2.341,2.360,2.338,2.344,788845064,1897094272.00
2024/08/08,2.343,2.366,2.336,2.351,542083213,1304227456.00
2024/08/09,2.362,2.370,2.347,2.348,710842500,1714657536.00
2024/08/12,2.348,2.356,2.343,2.349,378518101,909934144.00
2024/08/13,2.348,2.352,2.335,2.348,482987118,1158542464.00
2024/08/14,2.349,2.349,2.334,2.335,553523257,1325266944.00
2024/08/15,2.331,2.377,2.327,2.367,1187768101,2871335936.00
2024/08/16,2.366,2.383,2.362,2.379,1221009830,2969005568.00
2024/08/19,2.379,2.403,2.379,2.390,456978344,1118738688.00
2024/08/20,2.394,2.394,2.371,2.383,1082638005,2635439104.00
2024/08/21,2.377,2.381,2.357,2.371,867594700,2106447232.00
2024/08/22,2.373,2.379,2.364,2.375,949185342,2305467136.00
2024/08/23,2.375,2.394,2.373,2.390,524814883,1280200960.00
2024/08/26,2.392,2.398,2.376,2.387,494272036,1204738816.00
2024/08/27,2.386,2.394,2.379,2.389,765349342,1870196736.00
2024/08/28,2.385,2.388,2.362,2.372,1067530926,2590692352.00
2024/08/29,2.366,2.370,2.350,2.352,483632442,1166474496.00
2024/08/30,2.347,2.392,2.346,2.374,1084734178,2632743936.00
2024/09/02,2.361,2.364,2.332,2.335,739289251,1774478080.00
2024/09/03,2.334,2.337,2.320,2.324,937708300,2232480000.00
2024/09/04,2.313,2.324,2.300,2.304,713782500,1687877632.00
2024/09/05,2.305,2.316,2.300,2.307,689433801,1627092224.00
2024/09/06,2.309,2.324,2.294,2.296,856267943,2024786304.00
2024/09/09,2.288,2.291,2.257,2.265,1002380100,2332017408.00
2024/09/10,2.264,2.273,2.253,2.266,820576957,1902284672.00
2024/09/11,2.261,2.263,2.245,2.252,926664008,2137845504.00
2024/09/12,2.253,2.261,2.240,2.242,699198306,1610700928.00
2024/09/13,2.242,2.257,2.236,2.237,701542499,1614763264.00
2024/09/18,2.237,2.259,2.235,2.250,986296004,2271001088.00
2024/09/19,2.253,2.275,2.230,2.264,1039087381,2401231872.00
2024/09/20,2.260,2.275,2.244,2.268,1892966671,4382428672.00
2024/09/23,2.266,2.288,2.264,2.275,610242399,1423995776.00
2024/09/24,2.301,2.395,2.290,2.395,1994535625,4767019008.00
2024/09/25,2.430,2.469,2.419,2.425,1610607717,4025351680.00
2024/09/26,2.422,2.565,2.422,2.563,2376659669,6062194688.00
2024/09/27,2.606,2.763,2.553,2.669,1515369074,4046810368.00
2024/09/30,2.746,2.889,2.667,2.854,3571868455,10146589696.00
2024/10/08,3.145,3.145,2.854,2.923,3758084309,11415209984.00
2024/10/09,2.856,2.885,2.703,2.708,2232707104,6363794944.00
2024/10/10,2.731,2.865,2.724,2.797,2250743129,6425501184.00
2024/10/11,2.786,2.793,2.700,2.739,1995223206,5592958976.00
2024/10/14,2.750,2.790,2.723,2.772,1887459448,5315177984.00
2024/10/15,2.759,2.778,2.701,2.703,1563030538,4369529344.00
2024/10/16,2.684,2.728,2.678,2.699,1189681882,3276690432.00
2024/10/17,2.715,2.729,2.656,2.657,1545933845,4235451392.00
2024/10/18,2.660,2.807,2.635,2.740,2067426708,5715393536.00
2024/10/21,2.742,2.756,2.712,2.735,1369032790,3819999488.00
2024/10/22,2.734,2.762,2.727,2.746,1267692289,3546348544.00
2024/10/23,2.746,2.785,2.736,2.762,1452292388,4089184256.00
2024/10/24,2.749,2.754,2.722,2.734,1072730596,2994282240.00
2024/10/25,2.734,2.761,2.723,2.738,944324741,2639334912.00
2024/10/28,2.737,2.741,2.709,2.740,820462517,2282518784.00
2024/10/29,2.743,2.769,2.717,2.724,1105529001,3088699904.00
2024/10/30,2.714,2.729,2.676,2.688,1015042714,2794248192.00
2024/10/31,2.688,2.708,2.666,2.686,1068979936,2930423808.00
2024/11/01,2.680,2.728,2.680,2.707,1380755868,3817604096.00
2024/11/04,2.710,2.732,2.686,2.730,710692644,1964549120.00
2024/11/05,2.723,2.787,2.713,2.786,1547429477,4356399616.00
2024/11/06,2.785,2.802,2.745,2.763,1328726061,3757745152.00
2024/11/07,2.742,2.873,2.741,2.870,1970369910,5637320704.00
2024/11/08,2.881,2.895,2.813,2.827,1856141137,5381264384.00
2024/11/11,2.801,2.813,2.766,2.809,1206051001,3433982720.00
2024/11/12,2.803,2.839,2.754,2.767,1340968801,3820161792.00
2024/11/13,2.754,2.794,2.752,2.783,1154336900,3271408128.00
2024/11/14,2.774,2.801,2.753,2.759,1277206161,3618983424.00
2024/11/15,2.753,2.766,2.722,2.723,1394418910,3912222720.00
2024/11/18,2.734,2.780,2.721,2.735,1199619816,3365626880.00
2024/11/19,2.731,2.738,2.688,2.723,919468916,2548604160.00
2024/11/20,2.717,2.739,2.709,2.729,854979945,2376422912.00
2024/11/21,2.725,2.740,2.717,2.736,738982704,2057145600.00
2024/11/22,2.732,2.737,2.649,2.655,1313065600,3602971392.00
2024/11/25,2.657,2.672,2.617,2.632,1322431600,3568798464.00
2024/11/26,2.622,2.659,2.621,2.642,839971050,2265478144.00
2024/11/27,2.642,2.676,2.632,2.674,1104712619,2996742912.00
2024/11/28,2.676,2.681,2.646,2.661,913282800,2482544640.00
2024/11/29,2.662,2.712,2.661,2.677,1162631173,3182140160.00
2024/12/02,2.678,2.697,2.663,2.688,799280265,2144378880.00
2024/12/03,2.688,2.710,2.675,2.702,801204634,2156432896.00
2024/12/04,2.699,2.712,2.687,2.699,924946202,2495054336.00
2024/12/05,2.690,2.700,2.679,2.687,413820520,1112357888.00
2024/12/06,2.688,2.736,2.681,2.716,967932149,2628474880.00
2024/12/09,2.713,2.740,2.707,2.719,669583470,1821136384.00
2024/12/10,2.799,2.810,2.735,2.744,1298444788,3596212224.00
2024/12/11,2.737,2.747,2.722,2.726,673784940,1842999680.00
2024/12/12,2.728,2.758,2.720,2.757,873553639,2397809920.00
2024/12/13,2.741,2.742,2.682,2.690,1717695328,4640972288.00
2024/12/16,2.690,2.694,2.680,2.686,835376507,2244567040.00
2024/12/17,2.682,2.722,2.682,2.700,1087102930,2938050816.00
2024/12/18,2.709,2.728,2.709,2.719,843209274,2292001024.00
2024/12/19,2.700,2.719,2.687,2.709,562015517,1521754624.00
2024/12/20,2.705,2.722,2.695,2.701,948753866,2567483648.00
2024/12/23,2.701,2.741,2.701,2.724,1446043377,3944060416.00
2024/12/24,2.728,2.759,2.717,2.753,858261891,2354797824.00
2024/12/25,2.760,2.778,2.753,2.764,1027326336,2840047616.00
2024/12/26,2.763,2.765,2.748,2.757,631320236,1739122688.00
2024/12/27,2.754,2.769,2.740,2.754,611745894,1684614144.00
2024/12/30,2.754,2.778,2.754,2.773,777244919,2152251904.00
2024/12/31,2.772,2.779,2.736,2.738,1560391119,4302212608.00
2025/01/02,2.733,2.738,2.645,2.667,1240283327,3336364544.00
2025/01/03,2.663,2.672,2.629,2.641,934897349,2480596736.00
2025/01/06,2.641,2.646,2.607,2.630,1073726962,2818947840.00
2025/01/07,2.629,2.648,2.620,2.645,657002305,1731993856.00
2025/01/08,2.642,2.667,2.619,2.651,1218275306,3218938368.00
2025/01/09,2.649,2.651,2.627,2.638,773678884,2041823232.00
2025/01/10,2.636,2.651,2.613,2.615,930070680,2445972480.00
2025/01/13,2.603,2.616,2.586,2.607,723067395,1881410432.00
2025/01/14,2.611,2.662,2.604,2.652,1187705304,3133213440.00
2025/01/15,2.646,2.660,2.640,2.646,650967623,1724376576.00
2025/01/16,2.652,2.671,2.625,2.637,894962989,2368453888.00
2025/01/17,2.630,2.651,2.616,2.637,618677585,1632157184.00
2025/01/20,2.650,2.665,2.637,2.643,649137394,1721842432.00
2025/01/21,2.652,2.654,2.632,2.640,474730245,1254500352.00
2025/01/22,2.639,2.640,2.597,2.607,1147586736,2993509376.00
2025/01/23,2.623,2.664,2.618,2.623,1328941637,3502865408.00
2025/01/24,2.622,2.654,2.618,2.638,974716877,2572864256.00
2025/01/27,2.642,2.655,2.638,2.643,1162083729,3074369792.00
2025/02/05,2.655,2.658,2.613,2.619,1129019112,2962740992.00
2025/02/06,2.619,2.645,2.612,2.638,892169839,2347513344.00
2025/02/07,2.636,2.685,2.627,2.668,1345050213,3575362560.00
2025/02/10,2.668,2.687,2.664,2.678,604463923,1617467904.00
2025/02/11,2.683,2.684,2.664,2.671,772063815,2062683392.00
2025/02/12,2.670,2.704,2.665,2.698,717588663,1924971136.00
2025/02/13,2.696,2.724,2.692,2.702,927506361,2509812224.00
2025/02/14,2.698,2.723,2.693,2.719,934572447,2531742208.00
2025/02/17,2.725,2.732,2.704,2.723,1070211311,2906761472.00
2025/02/18,2.720,2.738,2.702,2.713,1041517081,2835266560.00
2025/02/19,2.707,2.734,2.700,2.722,671784058,1827226880.00
2025/02/20,2.719,2.719,2.699,2.708,571853314,1548508672.00
2025/02/21,2.716,2.748,2.707,2.744,960707839,2626155776.00
2025/02/24,2.740,2.750,2.718,2.731,1067669144,2919079424.00
2025/02/25,2.718,2.722,2.694,2.703,756265852,2048354432.00
2025/02/26,2.707,2.728,2.703,2.726,682919074,1854394624.00
2025/02/27,2.725,2.742,2.714,2.740,726797855,1983692800.00
2025/02/28,2.732,2.750,2.699,2.705,999051264,2722485504.00
2025/03/03,2.704,2.715,2.677,2.686,766095121,2067717376.00
2025/03/04,2.675,2.686,2.665,2.678,533622465,1428469888.00
2025/03/05,2.679,2.702,2.675,2.697,727997432,1958669696.00
2025/03/06,2.709,2.750,2.708,2.740,1192574641,3261219840.00
2025/03/07,2.738,2.754,2.733,2.739,701240610,1921692032.00
2025/03/10,2.739,2.741,2.709,2.727,1276371343,3473076224.00
2025/03/11,2.710,2.740,2.705,2.739,616194298,1676904960.00
2025/03/12,2.739,2.746,2.724,2.730,546302832,1492721792.00
2025/03/13,2.729,2.742,2.712,2.723,572465155,1562038016.00
2025/03/14,2.728,2.809,2.728,2.803,1551468313,4318119424.00
2025/03/17,2.812,2.818,2.793,2.798,649356298,1820785280.00
2025/03/18,2.807,2.813,2.797,2.800,453365959,1271261824.00
2025/03/19,2.797,2.819,2.794,2.809,621957127,1744324224.00
2025/03/20,2.810,2.811,2.772,2.779,775311589,2157416192.00
2025/03/21,2.772,2.782,2.726,2.734,1013360003,2787569664.00
2025/03/24,2.733,2.755,2.732,2.752,636681140,1747704064.00
2025/03/25,2.755,2.758,2.745,2.752,595996025,1639618048.00
2025/03/26,2.751,2.757,2.733,2.736,791287339,2171300352.00
2025/03/27,2.735,2.765,2.732,2.750,678026306,1863821568.00
2025/03/28,2.749,2.753,2.730,2.738,545554555,1494605440.00
2025/03/31,2.733,2.752,2.716,2.725,842143480,2298250496.00
2025/04/01,2.726,2.735,2.718,2.721,457242281,1246064896.00
2025/04/02,2.718,2.729,2.711,2.716,375959813,1022632640.00
2025/04/03,2.696,2.731,2.693,2.720,689607319,1874086272.00
2025/04/07,2.620,2.660,2.490,2.571,3704080052,9546614784.00
2025/04/08,2.571,2.629,2.564,2.628,3556315317,9231397888.00
2025/04/09,2.610,2.653,2.594,2.648,1503722613,3950325760.00
2025/04/10,2.675,2.679,2.648,2.672,876924622,2336224256.00
2025/04/11,2.661,2.680,2.652,2.677,1105871129,2951415552.00
2025/04/14,2.679,2.693,2.669,2.685,460198204,1235248384.00
2025/04/15,2.681,2.696,2.671,2.691,1020705703,2741779200.00
2025/04/16,2.690,2.721,2.673,2.715,2312658038,6254287360.00
2025/04/17,2.702,2.746,2.699,2.718,1166330905,3165668352.00
2025/04/18,2.710,2.727,2.705,2.720,1301806702,3539182592.00
2025/04/21,2.715,2.732,2.711,2.711,630351348,1714100352.00
2025/04/22,2.710,2.727,2.709,2.716,610666215,1660128128.00
2025/04/23,2.723,2.726,2.704,2.708,495159980,1342415104.00
2025/04/24,2.708,2.726,2.707,2.715,594161105,1613866496.00
2025/04/25,2.717,2.724,2.702,2.710,665365946,1805125888.00
2025/04/28,2.705,2.718,2.694,2.711,519959272,1408460160.00
2025/04/29,2.710,2.715,2.700,2.706,384683681,1040951104.00
2025/04/30,2.706,2.713,2.692,2.693,556827770,1503201280.00
2025/05/06,2.709,2.710,2.694,2.707,505829535,1367480448.00
2025/05/07,2.739,2.745,2.715,2.731,1220931662,3326943488.00
2025/05/08,2.724,2.757,2.721,2.742,797600557,2186952448.00
2025/05/09,2.738,2.750,2.737,2.744,512043246,1405198720.00
2025/05/12,2.750,2.774,2.744,2.763,726418144,2005089024.00
2025/05/13,2.774,2.774,2.762,2.769,575800924,1593292672.00
2025/05/14,2.771,2.832,2.769,2.817,1254648913,3513556736.00
2025/05/15,2.813,2.821,2.798,2.803,811279532,2277983232.00
2025/05/16,2.798,2.804,2.767,2.778,690061920,1916601344.00
2025/05/19,2.770,2.778,2.762,2.769,465527214,1288467200.00
2025/05/20,2.770,2.793,2.769,2.780,366660806,1019948800.00
2025/05/21,2.780,2.804,2.780,2.793,428172019,1196598272.00
2025/05/22,2.788,2.802,2.781,2.796,247053766,689977984.00
2025/05/23,2.794,2.807,2.773,2.775,505854295,1410503680.00
2025/05/26,2.770,2.785,2.756,2.764,473676185,1311057792.00
2025/05/27,2.763,2.771,2.747,2.750,417125746,1149675520.00
2025/05/28,2.750,2.754,2.743,2.747,334195700,918550144.00
2025/05/29,2.748,2.769,2.741,2.754,882087471,2432427008.00
2025/05/30,2.753,2.758,2.730,2.749,884995116,2427758080.00
2025/06/03,2.740,2.761,2.734,2.748,501260254,1377558528.00
2025/06/04,2.751,2.764,2.748,2.755,318023306,876760448.00
2025/06/05,2.760,2.761,2.745,2.754,416479500,1146637824.00
2025/06/06,2.758,2.768,2.751,2.756,506736659,1397081728.00
2025/06/09,2.758,2.767,2.747,2.756,709788198,1957559040.00
2025/06/10,2.758,2.767,2.735,2.742,917943537,2523180800.00
2025/06/11,2.742,2.776,2.741,2.762,585072791,1616633600.00
2025/06/12,2.758,2.766,2.741,2.760,392650273,1081965568.00
2025/06/13,2.755,2.760,2.736,2.746,651201333,1788406656.00
2025/06/16,2.737,2.757,2.735,2.753,578828372,1590303488.00
2025/06/17,2.752,2.756,2.740,2.753,571268034,1570751616.00
2025/06/18,2.752,2.760,2.739,2.750,427677032,1175526784.00
2025/06/19,2.746,2.748,2.727,2.733,806218699,2206083072.00
2025/06/20,2.735,2.755,2.734,2.749,788226011,2165196544.00
2025/06/23,2.743,2.771,2.733,2.762,755015613,2076108800.00
2025/06/24,2.762,2.810,2.761,2.792,958847700,2675962112.00
2025/06/25,2.794,2.834,2.788,2.832,974126991,2736403200.00
2025/06/26,2.830,2.834,2.822,2.826,591542718,1672621184.00
2025/06/27,2.829,2.839,2.792,2.795,735136118,2068149760.00
2025/06/30,2.795,2.809,2.787,2.807,789373449,2210764800.00
2025/07/01,2.806,2.815,2.800,2.810,438817401,1232308736.00
2025/07/02,2.811,2.823,2.804,2.816,413099449,1162975616.00
2025/07/03,2.818,2.823,2.808,2.820,225945711,636587648.00
2025/07/04,2.818,2.858,2.809,2.836,563123547,1597038336.00
2025/07/07,2.831,2.833,2.820,2.828,288204982,814856128.00
2025/07/08,2.827,2.850,2.827,2.845,458241093,1302452608.00
2025/07/09,2.847,2.857,2.837,2.842,405370706,1154327168.00
2025/07/10,2.839,2.879,2.838,2.858,559082930,1598907136.00
2025/07/11,2.860,2.918,2.858,2.871,1251123183,3610956032.00
2025/07/14,2.870,2.884,2.867,2.869,521790301,1500087552.00
2025/07/15,2.869,2.876,2.839,2.855,632367442,1805683840.00
2025/07/16,2.855,2.866,2.839,2.850,446635933,1273605504.00
2025/07/17,2.849,2.860,2.845,2.859,381697779,1088783232.00
2025/07/18,2.864,2.889,2.862,2.884,676731019,1948265088.00
2025/07/21,2.887,2.896,2.880,2.890,573545405,1657056384.00
2025/07/22,2.892,2.916,2.879,2.914,658976345,1911014144.00
2025/07/23,2.915,2.946,2.914,2.921,726229354,2124964352.00
2025/07/24,2.921,2.942,2.913,2.933,538146503,1576501120.00
2025/07/25,2.933,2.933,2.907,2.916,572556124,1671135488.00
2025/07/28,2.917,2.933,2.908,2.929,610284995,1782760704.00
2025/07/29,2.925,2.938,2.916,2.934,520820030,1525541376.00
2025/07/30,2.930,2.968,2.923,2.943,826165102,2433011712.00
2025/07/31,2.934,2.934,2.888,2.899,946419985,2749811712.00
2025/08/01,2.893,2.902,2.869,2.876,823513988,2374086912.00
2025/08/04,2.868,2.891,2.867,2.890,479895160,1383406336.00
2025/08/05,2.890,2.916,2.888,2.912,724301836,2099184640.00
2025/08/06,2.910,2.923,2.907,2.918,328782877,959042496.00
2025/08/07,2.920,2.931,2.908,2.921,404373495,1180788096.00
2025/08/08,2.916,2.923,2.905,2.910,293830872,856099456.00
2025/08/11,2.912,2.924,2.905,2.912,641217180,1869028864.00
2025/08/12,2.913,2.940,2.913,2.932,613600395,1798129280.00
2025/08/13,2.932,2.954,2.930,2.940,741455374,2180500224.00
2025/08/14,2.943,2.982,2.942,2.954,929751369,2757349120.00
2025/08/15,2.948,2.977,2.938,2.965,1353060946,4003619328.00
2025/08/18,2.970,2.992,2.956,2.971,1099632367,3269602816.00
2025/08/19,2.969,2.985,2.935,2.937,802699002,2377183232.00
2025/08/20,2.934,2.976,2.921,2.975,1003750690,2959911680.00
2025/08/21,2.979,2.999,2.976,2.990,874023648,2611520256.00
2025/08/22,2.992,3.067,2.992,3.066,1265864867,3839493888.00
2025/08/25,3.079,3.128,3.074,3.124,1188379707,3686011648.00
2025/08/26,3.121,3.121,3.094,3.101,727485594,2259143424.00
2025/08/27,3.103,3.116,3.047,3.051,992806302,3063603456.00
2025/08/28,3.046,3.097,3.035,3.095,1151366620,3525295616.00
2025/08/29,3.085,3.122,3.081,3.112,1242740893,3859689728.00
2025/09/01,3.115,3.122,3.096,3.113,947105873,2943557376.00
2025/09/02,3.115,3.141,3.100,3.128,779798030,2432778752.00
2025/09/03,3.128,3.137,3.064,3.087,1119035771,3463114240.00
2025/09/04,3.083,3.086,3.003,3.034,1495711421,4540923392.00
2025/09/05,3.033,3.080,3.027,3.072,649923624,1981307520.00
2025/09/08,3.070,3.083,3.051,3.067,535238452,1640028032.00
2025/09/09,3.060,3.080,3.044,3.059,851887505,2609464064.00
2025/09/10,3.056,3.088,3.054,3.072,460363432,1413805952.00
2025/09/11,3.060,3.124,3.046,3.122,1308600325,4051308800.00
2025/09/12,3.124,3.136,3.097,3.104,694971852,2166630144.00
2025/09/15,3.109,3.118,3.089,3.097,542322395,1682296320.00
2025/09/16,3.100,3.108,3.075,3.082,645047199,1991021184.00
2025/09/17,3.078,3.094,3.067,3.088,579748039,1787174528.00
2025/09/18,3.092,3.108,3.020,3.048,1304857521,3998792960.00
2025/09/19,3.040,3.065,3.038,3.045,655665965,1998501632.00
2025/09/22,3.044,3.061,3.032,3.054,633104475,1928638720.00
2025/09/23,3.052,3.070,3.023,3.054,1108592600,3374128640.00
2025/09/24,3.044,3.077,3.042,3.072,808978400,2479210240.00
2025/09/25,3.074,3.097,3.072,3.087,557976225,1721400576.00
2025/09/26,3.077,3.096,3.072,3.077,465569300,1435065216.00
2025/09/29,3.072,3.138,3.054,3.109,1264089496,3914435840.00
2025/09/30,3.117,3.128,3.112,3.126,553634686,1727831424.00
2025/10/09,3.137,3.169,3.121,3.161,675390755,2128598400.00
2025/10/10,3.145,3.149,3.102,3.112,931234621,2914413312.00
2025/10/13,3.051,3.108,3.051,3.101,537714800,1658253568.00
2025/10/14,3.115,3.132,3.086,3.100,1135122366,3526579456.00
2025/10/15,3.102,3.143,3.094,3.138,803921165,2502433024.00
2025/10/16,3.134,3.168,3.130,3.159,849296886,2678346496.00
2025/10/17,3.158,3.163,3.098,3.110,1047601211,3278620160.00
2025/10/20,3.121,3.134,3.103,3.111,906814037,2826283776.00
2025/10/21,3.118,3.152,3.114,3.144,852424800,2676516864.00
2025/10/22,3.127,3.153,3.122,3.148,793070110,2490736640.00
2025/10/23,3.145,3.172,3.121,3.167,576569281,1815583872.00
2025/10/24,3.175,3.199,3.171,3.192,681061847,2170182656.00
2025/10/27,3.208,3.225,3.200,3.216,946697220,3042816256.00
2025/10/28,3.212,3.223,3.190,3.196,784301490,2513720320.00
2025/10/29,3.198,3.212,3.194,3.210,630345860,2018965632.00
2025/10/30,3.205,3.223,3.188,3.193,986908581,3163449344.00
2025/10/31,3.194,3.197,3.156,3.160,1060663918,3363311616.00
2025/11/03,3.153,3.164,3.132,3.161,1006200674,3166654976.00
2025/11/04,3.160,3.173,3.141,3.156,991841576,3136611840.00
2025/11/05,3.133,3.164,3.125,3.150,572868819,1803326976.00
2025/11/06,3.158,3.195,3.154,3.190,641061413,2037541888.00
2025/11/07,3.183,3.196,3.181,3.186,445456256,1420114048.00
2025/11/10,3.189,3.203,3.174,3.201,441121842,1406521600.00
2025/11/11,3.205,3.208,3.169,3.180,511249302,1628643328.00
2025/11/12,3.178,3.206,3.178,3.197,553594448,1768649216.00
2025/11/13,3.191,3.225,3.190,3.221,501223694,1608743680.00
2025/11/14,3.210,3.223,3.182,3.183,427387153,1369872640.00
2025/11/17,3.182,3.183,3.146,3.159,764881578,2416180224.00
2025/11/18,3.152,3.168,3.139,3.150,662614119,2089781632.00
2025/11/19,3.146,3.178,3.146,3.165,711760532,2254120704.00
2025/11/20,3.177,3.186,3.150,3.156,386372977,1224754688.00
2025/11/21,3.137,3.173,3.095,3.101,792638672,2473786880.00
2025/11/24,3.105,3.110,3.086,3.094,618348200,1914988672.00
2025/11/25,3.104,3.118,3.096,3.110,570056512,1771704320.00
#:
