2020/07/02,2.337,2.355,2.314,2.350,363142179,848789824.00
2020/07/03,2.349,2.390,2.325,2.380,392494290,926308224.00
2020/07/06,2.384,2.459,2.375,2.450,537357558,1298220544.00
2020/07/07,2.459,2.561,2.450,2.503,439699188,1104592896.00
2020/07/08,2.515,2.580,2.489,2.574,346433713,877417280.00
2020/07/09,2.576,2.681,2.560,2.674,498913539,1314914816.00
2020/07/10,2.660,2.706,2.640,2.685,477182145,1279620096.00
2020/07/13,2.693,2.810,2.693,2.802,534279386,1474933376.00
2020/07/14,2.798,2.798,2.695,2.767,726061213,1996260352.00
2020/07/15,2.766,2.797,2.688,2.722,781743879,2153845760.00
2020/07/16,2.718,2.755,2.538,2.558,1269181870,3351186176.00
2020/07/17,2.558,2.635,2.529,2.583,900005660,2321894400.00
2020/07/20,2.620,2.629,2.528,2.611,686034721,1770602880.00
2020/07/21,2.620,2.653,2.596,2.643,659815385,1737413376.00
2020/07/22,2.628,2.713,2.621,2.678,618928125,1659035392.00
2020/07/23,2.657,2.706,2.613,2.706,496272409,1324355200.00
2020/07/24,2.680,2.695,2.525,2.537,817839761,2120347904.00
2020/07/27,2.544,2.577,2.513,2.540,423595328,1080018816.00
2020/07/28,2.576,2.587,2.539,2.573,437831325,1122978688.00
2020/07/29,2.564,2.685,2.561,2.680,485217520,1278752640.00
2020/07/30,2.680,2.692,2.641,2.652,429584112,1146614656.00
2020/07/31,2.658,2.724,2.646,2.708,468958726,1262589312.00
2020/08/03,2.734,2.774,2.704,2.774,405796392,1114103936.00
2020/08/04,2.772,2.794,2.721,2.738,441102561,1216085632.00
2020/08/05,2.740,2.779,2.707,2.763,324932450,891682560.00
2020/08/06,2.767,2.770,2.682,2.719,431876721,1173644672.00
2020/08/07,2.701,2.726,2.610,2.657,449797080,1198850560.00
2020/08/10,2.641,2.666,2.603,2.641,301159264,793749056.00
2020/08/11,2.643,2.680,2.590,2.600,398901426,1052834048.00
2020/08/12,2.596,2.604,2.492,2.548,701878313,1776970112.00
2020/08/13,2.560,2.566,2.521,2.535,337884346,860036352.00
2020/08/14,2.533,2.580,2.528,2.579,484820197,1240668288.00
2020/08/17,2.591,2.608,2.560,2.607,570620335,1477528064.00
2020/08/18,2.608,2.631,2.595,2.605,332642845,868339520.00
2020/08/19,2.604,2.610,2.521,2.524,336320265,859262784.00
2020/08/20,2.503,2.541,2.272,2.503,331196658,831085440.00
2020/08/21,2.519,2.554,2.518,2.546,334956758,850586304.00
2020/08/24,2.563,2.612,2.503,2.597,444974992,1144983936.00
2020/08/25,2.591,2.650,2.589,2.611,404288409,1057606848.00
2020/08/26,2.608,2.627,2.546,2.551,437208419,1130157824.00
2020/08/27,2.561,2.609,2.547,2.602,377358507,974798272.00
2020/08/28,2.590,2.670,2.586,2.666,400813583,1056256960.00
2020/08/31,2.676,2.687,2.633,2.637,348585735,927733056.00
2020/09/01,2.628,2.659,2.611,2.658,259463968,684918208.00
2020/09/02,2.657,2.692,2.634,2.676,331958177,885461824.00
2020/09/03,2.667,2.696,2.642,2.653,343135790,915507456.00
2020/09/04,2.609,2.649,2.596,2.638,313760212,821326528.00
2020/09/07,2.628,2.650,2.541,2.549,423258879,1097756032.00
2020/09/08,2.554,2.574,2.524,2.564,339692412,866442624.00
2020/09/09,2.533,2.533,2.421,2.440,522864782,1290302208.00
2020/09/10,2.462,2.478,2.390,2.403,364836322,890871808.00
2020/09/11,2.391,2.457,2.390,2.449,292043263,708370112.00
2020/09/14,2.476,2.515,2.461,2.484,326308013,811189504.00
2020/09/15,2.484,2.510,2.473,2.504,227161113,566728512.00
2020/09/16,2.506,2.507,2.454,2.470,171690899,425309568.00
2020/09/17,2.460,2.495,2.437,2.467,238430245,587710528.00
2020/09/18,2.468,2.514,2.450,2.513,303412153,753809216.00
2020/09/21,2.516,2.517,2.479,2.480,224876539,561392704.00
2020/09/22,2.470,2.508,2.462,2.469,228320462,568003008.00
2020/09/23,2.472,2.520,2.459,2.508,222709939,555643072.00
2020/09/24,2.490,2.496,2.451,2.454,226518798,559422784.00
2020/09/25,2.460,2.482,2.444,2.457,200706676,494279360.00
2020/09/28,2.465,2.467,2.432,2.434,165632430,405194144.00
2020/09/29,2.453,2.490,2.436,2.479,208620050,514655904.00
2020/09/30,2.478,2.513,2.472,2.489,219507409,547313024.00
2020/10/09,2.539,2.586,2.534,2.581,244202537,626372544.00
2020/10/12,2.606,2.683,2.601,2.683,364837013,968069568.00
2020/10/13,2.679,2.697,2.660,2.688,249894168,669090496.00
2020/10/14,2.682,2.696,2.664,2.668,201838845,540189376.00
2020/10/15,2.668,2.675,2.642,2.650,217479954,577161088.00
2020/10/16,2.641,2.658,2.602,2.634,202792436,533554912.00
2020/10/19,2.648,2.656,2.593,2.600,224153113,587731840.00
2020/10/20,2.594,2.646,2.594,2.645,249686322,654281600.00
2020/10/21,2.647,2.650,2.597,2.612,245499409,642838144.00
2020/10/22,2.594,2.599,2.556,2.582,280517091,722984064.00
2020/10/23,2.579,2.609,2.504,2.516,411905870,1049439872.00
2020/10/26,2.500,2.539,2.468,2.533,312465813,783906624.00
2020/10/27,2.520,2.563,2.520,2.560,253441654,645580480.00
2020/10/28,2.552,2.591,2.536,2.577,269906958,692050496.00
2020/10/29,2.548,2.619,2.542,2.607,277429538,717854976.00
2020/10/30,2.607,2.618,2.553,2.563,252842141,653686592.00
2020/11/02,2.570,2.628,2.570,2.617,289130910,751996928.00
2020/11/03,2.622,2.657,2.605,2.649,202761273,533933856.00
2020/11/04,2.644,2.661,2.629,2.658,219037262,580280192.00
2020/11/05,2.682,2.695,2.651,2.690,260605815,698627136.00
2020/11/06,2.693,2.697,2.618,2.637,304082339,803744448.00
2020/11/09,2.653,2.736,2.653,2.719,372103458,1004789888.00
2020/11/10,2.717,2.717,2.619,2.674,385982619,1034456192.00
2020/11/11,2.664,2.671,2.592,2.595,327201379,856982464.00
2020/11/12,2.602,2.628,2.595,2.607,207614441,541944576.00
2020/11/13,2.591,2.628,2.590,2.619,241043610,628170432.00
2020/11/16,2.626,2.627,2.583,2.620,228480113,596375616.00
2020/11/17,2.614,2.622,2.538,2.572,398273700,1021474752.00
2020/11/18,2.570,2.590,2.523,2.534,466233593,1185926272.00
2020/11/19,2.527,2.560,2.506,2.556,347370014,882134464.00
2020/11/20,2.553,2.584,2.552,2.576,306170480,787255424.00
2020/11/23,2.579,2.612,2.557,2.593,320296569,828386688.00
2020/11/24,2.591,2.604,2.571,2.582,177123510,457547104.00
2020/11/25,2.583,2.585,2.526,2.528,291116096,741594624.00
2020/11/26,2.529,2.542,2.498,2.522,326072919,820162176.00
2020/11/27,2.519,2.546,2.504,2.532,283537802,715239104.00
2020/11/30,2.532,2.563,2.506,2.541,363223175,922464768.00
2020/12/01,2.535,2.608,2.530,2.602,445009820,1148264704.00
2020/12/02,2.602,2.607,2.572,2.593,253875072,656776896.00
2020/12/03,2.583,2.628,2.577,2.619,307006064,800328256.00
2020/12/04,2.608,2.640,2.604,2.637,218982832,574346176.00
2020/12/07,2.625,2.643,2.620,2.628,198281873,521625216.00
2020/12/08,2.633,2.659,2.633,2.646,211423499,560166016.00
2020/12/09,2.650,2.665,2.596,2.598,294426485,773982144.00
2020/12/10,2.587,2.642,2.582,2.627,197931497,517199328.00
2020/12/11,2.629,2.637,2.575,2.601,222666043,579549824.00
2020/12/14,2.600,2.641,2.585,2.641,195953047,512961216.00
2020/12/15,2.633,2.668,2.629,2.667,220610448,585048064.00
2020/12/16,2.666,2.677,2.638,2.667,150552479,400176192.00
2020/12/17,2.659,2.695,2.646,2.694,185087694,495452800.00
2020/12/18,2.699,2.706,2.672,2.688,257718366,693602880.00
2020/12/21,2.687,2.781,2.686,2.778,424157741,1164673024.00
2020/12/22,2.767,2.792,2.716,2.718,272538532,750971200.00
2020/12/23,2.721,2.768,2.717,2.745,328848465,901276416.00
2020/12/24,2.741,2.753,2.718,2.726,388445564,1062296704.00
2020/12/25,2.715,2.749,2.695,2.749,521300967,1418883200.00
2020/12/28,2.748,2.764,2.724,2.745,191038814,524052512.00
2020/12/29,2.733,2.747,2.702,2.717,155320702,423359968.00
2020/12/30,2.720,2.807,2.720,2.799,263980789,733734976.00
2020/12/31,2.809,2.869,2.805,2.866,310691582,883262464.00
2021/01/04,2.864,2.990,2.861,2.976,247276400,727814976.00
2021/01/05,2.940,2.997,2.925,2.988,247000419,734648128.00
2021/01/06,3.000,3.030,2.953,3.003,229043824,684446080.00
2021/01/07,2.996,3.056,2.978,3.056,202998963,611873216.00
2021/01/08,3.065,3.086,3.011,3.036,186743072,566629504.00
2021/01/11,3.052,3.054,2.962,2.989,206808482,622614208.00
2021/01/12,2.980,3.076,2.954,3.076,185768051,560342080.00
2021/01/13,3.071,3.094,2.997,3.025,214104731,650804288.00
2021/01/14,3.010,3.036,2.959,2.987,235351168,705882880.00
2021/01/15,2.980,3.004,2.919,2.990,271267751,805189696.00
2021/01/18,2.969,3.058,2.949,3.046,231231312,698319168.00
2021/01/19,3.034,3.046,2.966,2.976,218122764,655650560.00
2021/01/20,2.992,3.098,2.987,3.096,298608097,913406720.00
2021/01/21,3.103,3.190,3.101,3.176,220790780,696148928.00
2021/01/22,3.170,3.252,3.165,3.241,256105598,821750400.00
2021/01/25,3.242,3.307,3.215,3.242,213678421,695590784.00
2021/01/26,3.222,3.228,3.140,3.152,333004245,1054569344.00
2021/01/27,3.151,3.184,3.085,3.166,227921679,714569088.00
2021/01/28,3.111,3.139,3.053,3.057,276317225,853132032.00
2021/01/29,3.089,3.108,2.966,3.029,319313192,971033472.00
2021/02/01,3.024,3.080,3.001,3.056,200811105,613122880.00
2021/02/02,3.062,3.120,3.023,3.118,270143432,833896256.00
2021/02/03,3.128,3.160,3.105,3.106,220223747,690037312.00
2021/02/04,3.090,3.134,3.048,3.098,209769685,648337280.00
2021/02/05,3.102,3.144,3.080,3.084,196770164,612708352.00
2021/02/09,3.171,3.223,3.163,3.222,234391194,749138304.00
2021/02/10,3.230,3.309,3.195,3.293,242315353,791269888.00
2021/02/18,3.353,3.359,3.186,3.202,319599874,1036753344.00
2021/02/19,3.191,3.192,3.086,3.170,374773623,1174621824.00
2021/02/22,3.156,3.159,3.030,3.032,389725513,1203307648.00
2021/02/23,3.000,3.046,2.988,3.009,311137026,936301632.00
2021/02/24,3.010,3.016,2.870,2.904,798068301,2338731008.00
2021/02/25,2.929,2.934,2.866,2.878,491826027,1426992384.00
2021/02/26,2.854,2.858,2.790,2.814,585085062,1649457408.00
2021/03/01,2.850,2.895,2.831,2.894,494000418,1416027136.00
2021/03/02,2.908,2.915,2.834,2.859,388716060,1118995456.00
2021/03/03,2.848,2.900,2.833,2.900,283152229,811821952.00
2021/03/04,2.863,2.863,2.743,2.751,750182906,2089981952.00
2021/03/05,2.706,2.795,2.705,2.772,527080748,1451448576.00
2021/03/08,2.783,2.803,2.631,2.633,805462509,2178710528.00
2021/03/09,2.618,2.640,2.520,2.547,810763256,2092868864.00
2021/03/10,2.607,2.622,2.572,2.586,605119602,1575015552.00
2021/03/11,2.585,2.670,2.581,2.650,514914893,1358033280.00
2021/03/12,2.666,2.673,2.616,2.658,348258305,921889792.00
2021/03/15,2.640,2.640,2.523,2.555,502876143,1292687104.00
2021/03/16,2.562,2.583,2.539,2.579,341410892,876211584.00
2021/03/17,2.560,2.622,2.540,2.607,363628344,942558016.00
2021/03/18,2.619,2.661,2.614,2.650,353970072,935917568.00
2021/03/19,2.608,2.632,2.562,2.579,294730888,764112384.00
2021/03/22,2.583,2.632,2.573,2.607,292607323,761576640.00
2021/03/23,2.595,2.614,2.551,2.579,275605917,710164800.00
2021/03/24,2.558,2.586,2.533,2.543,338689201,864354112.00
2021/03/25,2.522,2.578,2.515,2.567,331559515,845104576.00
2021/03/26,2.576,2.658,2.576,2.650,545183168,1431652352.00
2021/03/29,2.644,2.669,2.621,2.637,322720340,854263488.00
2021/03/30,2.627,2.682,2.625,2.673,258293322,687546240.00
2021/03/31,2.662,2.680,2.637,2.665,191449412,508500224.00
2021/04/01,2.665,2.720,2.665,2.718,274214892,740217408.00
2021/04/02,2.725,2.769,2.718,2.756,296899259,815604800.00
2021/04/06,2.762,2.769,2.711,2.730,233145207,637619904.00
2021/04/07,2.740,2.744,2.678,2.707,215111615,580661056.00
2021/04/08,2.694,2.740,2.682,2.728,180305429,490669312.00
2021/04/09,2.722,2.729,2.677,2.690,195835320,527593056.00
2021/04/12,2.683,2.715,2.618,2.627,278949740,741519360.00
2021/04/13,2.618,2.688,2.618,2.649,295400904,785200576.00
2021/04/14,2.654,2.710,2.652,2.707,228991223,615820096.00
2021/04/15,2.695,2.698,2.663,2.698,241253081,647312832.00
2021/04/16,2.707,2.709,2.650,2.688,243810332,652800000.00
2021/04/19,2.681,2.799,2.672,2.798,375470958,1034483264.00
2021/04/20,2.788,2.820,2.770,2.791,291873855,816627328.00
2021/04/21,2.767,2.818,2.767,2.814,202214731,565760512.00
2021/04/22,2.831,2.847,2.799,2.837,262163825,740860800.00
2021/04/23,2.824,2.905,2.824,2.891,303740760,874385152.00
2021/04/26,2.910,2.954,2.861,2.863,403539908,1176042880.00
2021/04/27,2.857,2.889,2.846,2.884,217181737,622874944.00
2021/04/28,2.884,2.950,2.877,2.949,265366359,775202880.00
2021/04/29,2.946,2.964,2.910,2.952,192839287,567772928.00
2021/04/30,2.941,3.004,2.932,2.989,252347649,750582144.00
2021/05/06,2.963,2.963,2.862,2.904,254489391,740129728.00
2021/05/07,2.910,2.925,2.816,2.819,313035744,895660608.00
2021/05/10,2.820,2.863,2.805,2.827,247283247,699785088.00
2021/05/11,2.796,2.837,2.769,2.823,283200301,794229952.00
2021/05/12,2.813,2.868,2.788,2.865,218443226,618372544.00
2021/05/13,2.836,2.871,2.814,2.845,205318641,583466624.00
2021/05/14,2.857,2.938,2.846,2.937,267658598,777497344.00
2021/05/17,2.945,3.024,2.945,3.007,340608983,1023735232.00
2021/05/18,3.000,3.023,2.964,2.988,189854650,567480768.00
2021/05/19,2.965,3.023,2.965,3.012,189132121,568364160.00
2021/05/20,3.003,3.054,3.003,3.043,161446757,489333568.00
2021/05/21,3.055,3.065,2.992,3.012,182912900,553115456.00
2021/05/24,3.010,3.040,2.972,3.036,194088131,585452160.00
2021/05/25,3.042,3.129,3.042,3.119,274275055,850821568.00
2021/05/26,3.120,3.120,3.080,3.095,217890451,674613056.00
2021/05/27,3.086,3.135,3.066,3.118,156756538,486549856.00
2021/05/28,3.117,3.175,3.099,3.121,227136653,713557248.00
2021/05/31,3.130,3.200,3.130,3.195,181396086,575852864.00
2021/06/01,3.180,3.200,3.136,3.188,170758628,542181184.00
2021/06/02,3.200,3.202,3.120,3.133,187009362,589869888.00
2021/06/03,3.129,3.149,3.094,3.099,169549626,529315616.00
2021/06/04,3.077,3.177,3.077,3.141,204934154,641448640.00
2021/06/07,3.136,3.136,3.092,3.122,154103664,479806176.00
2021/06/08,3.118,3.170,3.082,3.105,203091389,635032064.00
2021/06/09,3.096,3.120,3.079,3.100,140482248,435578848.00
2021/06/10,3.107,3.192,3.107,3.179,225094495,713270016.00
2021/06/11,3.196,3.212,3.159,3.195,184316646,588267840.00
2021/06/15,3.191,3.199,3.139,3.155,194039578,613732096.00
2021/06/16,3.145,3.153,3.021,3.024,299958312,920087872.00
2021/06/17,3.023,3.094,3.023,3.088,257679418,791342336.00
2021/06/18,3.096,3.160,3.095,3.137,215212147,673787904.00
2021/06/21,3.127,3.185,3.100,3.166,199220338,627736768.00
2021/06/22,3.170,3.190,3.119,3.174,175381242,553574208.00
2021/06/23,3.179,3.234,3.164,3.217,209371221,671310080.00
2021/06/24,3.212,3.218,3.160,3.174,142519860,453456768.00
2021/06/25,3.180,3.254,3.180,3.243,242235788,781184704.00
2021/06/28,3.238,3.313,3.236,3.305,216485401,712544768.00
2021/06/29,3.329,3.336,3.282,3.297,174542604,577444736.00
2021/06/30,3.302,3.373,3.277,3.373,182971253,611149632.00
2021/07/01,3.381,3.388,3.320,3.340,283593981,951824064.00
2021/07/02,3.332,3.332,3.224,3.227,212085886,691956096.00
2021/07/05,3.223,3.282,3.215,3.250,225886420,732915456.00
2021/07/06,3.242,3.266,3.142,3.196,286668859,915971008.00
2021/07/07,3.172,3.313,3.157,3.305,285329114,930426560.00
2021/07/08,3.317,3.360,3.305,3.322,171582303,571683072.00
2021/07/09,3.300,3.323,3.230,3.303,202969557,666538560.00
2021/07/12,3.339,3.445,3.315,3.427,188015597,638762688.00
2021/07/13,3.415,3.452,3.372,3.411,192648336,657281856.00
2021/07/14,3.402,3.432,3.357,3.382,166100707,564682496.00
2021/07/15,3.359,3.429,3.345,3.429,201328885,682489984.00
2021/07/16,3.410,3.412,3.322,3.328,192483707,648178368.00
2021/07/19,3.326,3.373,3.311,3.350,139312064,465561984.00
2021/07/20,3.318,3.379,3.311,3.356,173855526,582846592.00
2021/07/21,3.364,3.460,3.362,3.455,237359042,811990144.00
2021/07/22,3.455,3.463,3.404,3.438,163581080,560469824.00
2021/07/23,3.434,3.434,3.356,3.367,179582487,607636800.00
2021/07/26,3.340,3.360,3.193,3.270,282971900,927839872.00
2021/07/27,3.259,3.318,3.135,3.140,334982190,1085320960.00
2021/07/28,3.110,3.201,3.063,3.183,336879133,1061721408.00
2021/07/29,3.260,3.359,3.230,3.358,296177971,975237632.00
2021/07/30,3.340,3.371,3.292,3.328,205915000,685764224.00
2021/08/02,3.328,3.396,3.290,3.393,278473600,934241792.00
2021/08/03,3.390,3.408,3.340,3.363,164722843,554656192.00
2021/08/04,3.356,3.451,3.340,3.446,169479782,577360128.00
2021/08/05,3.440,3.457,3.398,3.419,150910338,516418944.00
2021/08/06,3.435,3.436,3.362,3.386,184136784,625516928.00
2021/08/09,3.351,3.360,3.304,3.348,346903662,1156326400.00
2021/08/10,3.340,3.366,3.315,3.366,171580589,573577344.00
2021/08/11,3.355,3.363,3.314,3.326,141573177,472639520.00
2021/08/12,3.320,3.330,3.276,3.280,149893699,494504736.00
2021/08/13,3.260,3.329,3.228,3.249,166171136,543977792.00
2021/08/16,3.225,3.244,3.187,3.206,180097988,578522368.00
2021/08/17,3.204,3.223,3.115,3.126,273111800,865960512.00
2021/08/18,3.134,3.171,3.123,3.160,223174045,701353920.00
2021/08/19,3.148,3.202,3.134,3.177,235224900,744827904.00
2021/08/20,3.155,3.167,3.067,3.100,292467662,908150016.00
2021/08/23,3.105,3.196,3.102,3.195,246691228,779137856.00
2021/08/24,3.195,3.247,3.169,3.225,207494500,667829696.00
2021/08/25,3.225,3.244,3.193,3.241,133965100,431469088.00
2021/08/26,3.247,3.261,3.161,3.164,156674748,501763360.00
2021/08/27,3.160,3.197,3.141,3.158,143773535,454953280.00
2021/08/30,3.170,3.214,3.147,3.164,168855175,536854656.00
2021/08/31,3.163,3.168,3.086,3.106,195114152,608183552.00
2021/09/01,3.110,3.124,3.035,3.094,209544901,644313472.00
2021/09/02,3.080,3.097,3.039,3.046,194799838,596884992.00
2021/09/03,3.046,3.071,2.996,3.010,228797179,693053312.00
2021/09/06,3.012,3.130,2.993,3.129,288687323,888941440.00
2021/09/07,3.113,3.159,3.107,3.147,200785162,629216448.00
2021/09/08,3.152,3.180,3.115,3.123,133978408,420781312.00
2021/09/09,3.116,3.145,3.076,3.126,166283300,516471520.00
2021/09/10,3.113,3.145,3.089,3.135,138505154,431832864.00
2021/09/13,3.127,3.156,3.085,3.095,154726681,481294880.00
2021/09/14,3.094,3.174,3.085,3.140,195953276,615567744.00
2021/09/15,3.122,3.133,3.088,3.105,149915164,465234496.00
2021/09/16,3.103,3.103,3.032,3.035,155375565,475463008.00
2021/09/17,3.027,3.101,3.026,3.097,135898658,416326528.00
2021/09/22,3.057,3.100,3.051,3.068,129937867,399143232.00
2021/09/23,3.087,3.111,3.059,3.086,128892500,397539168.00
2021/09/24,3.077,3.147,3.071,3.109,220295893,686278144.00
2021/09/27,3.119,3.177,3.111,3.130,172280400,542895680.00
2021/09/28,3.118,3.170,3.102,3.114,132080949,413922400.00
2021/09/29,3.095,3.109,3.067,3.083,128649391,397039744.00
2021/09/30,3.088,3.155,3.084,3.148,168196320,526243744.00
2021/10/08,3.169,3.186,3.125,3.138,146534774,462007136.00
2021/10/11,3.147,3.156,3.092,3.096,123880621,386575040.00
2021/10/12,3.081,3.102,3.013,3.042,191120000,584156096.00
2021/10/13,3.040,3.110,3.040,3.109,160197174,493474528.00
2021/10/14,3.100,3.138,3.100,3.112,141220171,440664704.00
2021/10/15,3.110,3.180,3.088,3.176,148862000,469407104.00
2021/10/18,3.178,3.185,3.128,3.172,136330880,429834368.00
2021/10/19,3.180,3.208,3.168,3.191,115987412,370006976.00
2021/10/20,3.190,3.215,3.172,3.185,99612866,318199424.00
2021/10/21,3.188,3.200,3.155,3.174,84781520,269220224.00
2021/10/22,3.184,3.205,3.166,3.185,127467698,406128192.00
2021/10/25,3.182,3.237,3.182,3.236,116805756,376354464.00
2021/10/26,3.256,3.262,3.217,3.221,110950879,359486752.00
2021/10/27,3.221,3.221,3.182,3.205,85248602,272827872.00
2021/10/28,3.196,3.232,3.163,3.178,129880004,415143008.00
2021/10/29,3.186,3.250,3.151,3.249,162236957,519204480.00
2021/11/01,3.245,3.268,3.201,3.224,121975751,394374048.00
2021/11/02,3.227,3.266,3.205,3.228,130108238,421526528.00
2021/11/03,3.213,3.260,3.198,3.222,119039178,384321856.00
2021/11/04,3.233,3.275,3.233,3.260,115115318,374782368.00
2021/11/05,3.243,3.276,3.243,3.248,98630686,321718688.00
2021/11/08,3.240,3.287,3.234,3.278,106448868,347491008.00
2021/11/09,3.278,3.302,3.269,3.300,97771700,321415200.00
2021/11/10,3.287,3.300,3.236,3.296,144468143,472925632.00
2021/11/11,3.284,3.333,3.279,3.324,92895009,308172864.00
2021/11/12,3.318,3.335,3.300,3.324,91083967,302146400.00
2021/11/15,3.324,3.329,3.284,3.295,109479113,361456640.00
2021/11/16,3.292,3.315,3.280,3.282,99175252,326984992.00
2021/11/17,3.284,3.319,3.284,3.317,87741977,290279968.00
2021/11/18,3.305,3.308,3.268,3.274,135334985,444481600.00
2021/11/19,3.273,3.315,3.271,3.313,119882902,395483424.00
2021/11/22,3.322,3.395,3.314,3.393,138369244,465562688.00
2021/11/23,3.392,3.402,3.371,3.380,87442886,296005024.00
2021/11/24,3.381,3.392,3.357,3.362,90530953,305382848.00
2021/11/25,3.366,3.386,3.353,3.368,112002348,377306208.00
2021/11/26,3.367,3.390,3.350,3.364,64330753,216778352.00
2021/11/29,3.345,3.411,3.338,3.389,147854308,501423040.00
2021/11/30,3.395,3.408,3.364,3.386,131532105,444538656.00
2021/12/01,3.377,3.389,3.352,3.365,78513012,264340176.00
2021/12/02,3.354,3.375,3.346,3.355,71581205,240583840.00
2021/12/03,3.355,3.372,3.340,3.370,91855800,308520256.00
2021/12/06,3.354,3.368,3.293,3.294,135542200,450904352.00
2021/12/07,3.314,3.317,3.235,3.266,132836201,433547040.00
2021/12/08,3.266,3.320,3.266,3.314,113979509,375738208.00
2021/12/09,3.304,3.353,3.290,3.353,129892631,432890816.00
2021/12/10,3.335,3.377,3.324,3.370,79556660,266988992.00
2021/12/13,3.362,3.400,3.347,3.389,103787369,351039648.00
2021/12/14,3.370,3.396,3.370,3.384,77658739,262770208.00
2021/12/15,3.382,3.411,3.355,3.355,80333029,271904800.00
2021/12/16,3.361,3.384,3.357,3.378,74455876,250958256.00
2021/12/17,3.376,3.376,3.320,3.328,91741172,306517664.00
2021/12/20,3.322,3.328,3.218,3.225,181023473,589476608.00
2021/12/21,3.227,3.250,3.204,3.247,160419213,518742688.00
2021/12/22,3.249,3.273,3.248,3.260,95584871,311821728.00
2021/12/23,3.269,3.282,3.252,3.269,74430254,243092928.00
2021/12/24,3.268,3.275,3.181,3.196,118251170,379369600.00
2021/12/27,3.183,3.212,3.173,3.190,102621485,327519840.00
2021/12/28,3.193,3.229,3.178,3.226,142547829,456900672.00
2021/12/29,3.216,3.218,3.176,3.182,141497166,451279104.00
2021/12/30,3.180,3.233,3.176,3.219,194025382,623398592.00
2021/12/31,3.231,3.247,3.207,3.218,113567219,365770848.00
2022/01/04,3.236,3.242,3.140,3.154,132940778,420460000.00
2022/01/05,3.151,3.151,3.049,3.064,332667600,1024198016.00
2022/01/06,3.043,3.054,2.999,3.034,394002193,1191713408.00
2022/01/07,3.035,3.046,2.998,3.003,253289843,763631808.00
2022/01/10,3.000,3.018,2.958,2.998,256393952,766782208.00
2022/01/11,2.998,3.008,2.956,2.960,246058037,731615232.00
2022/01/12,2.984,3.039,2.984,3.035,339832167,1024275776.00
2022/01/13,3.042,3.043,2.988,2.990,216175660,650933056.00
2022/01/14,2.975,3.027,2.967,3.015,210134515,631548736.00
2022/01/17,3.000,3.075,3.000,3.068,188036945,574324672.00
2022/01/18,3.057,3.075,3.038,3.047,163349259,499162016.00
2022/01/19,3.036,3.047,2.958,2.985,314388568,940912448.00
2022/01/20,2.973,3.002,2.962,2.975,180663593,538084544.00
2022/01/21,2.957,2.973,2.927,2.941,269310659,792706560.00
2022/01/24,2.929,2.972,2.924,2.962,237572197,701816640.00
2022/01/25,2.940,2.961,2.881,2.881,286977900,838924800.00
2022/01/26,2.893,2.914,2.860,2.906,229204561,663438528.00
2022/01/27,2.889,2.904,2.813,2.815,402578800,1146566912.00
2022/01/28,2.848,2.869,2.794,2.819,305307391,866769792.00
2022/02/07,2.870,2.891,2.815,2.830,257569780,734467136.00
2022/02/08,2.826,2.826,2.697,2.758,454017488,1245274496.00
2022/02/09,2.749,2.797,2.729,2.791,275942849,763262272.00
2022/02/10,2.794,2.800,2.711,2.740,370924390,1016153792.00
2022/02/11,2.715,2.725,2.655,2.660,434959916,1171177472.00
2022/02/14,2.648,2.687,2.626,2.646,394346335,1047249856.00
2022/02/15,2.653,2.728,2.653,2.726,468559630,1262875392.00
2022/02/16,2.733,2.750,2.718,2.725,314085732,859252096.00
2022/02/17,2.716,2.768,2.705,2.744,336006986,922856256.00
2022/02/18,2.727,2.740,2.713,2.739,249115500,679899456.00
2022/02/21,2.739,2.747,2.706,2.713,244861857,666516032.00
2022/02/22,2.689,2.692,2.656,2.678,373309353,996241152.00
2022/02/23,2.683,2.754,2.680,2.754,363213958,989582144.00
2022/02/24,2.721,2.759,2.662,2.693,469738049,1275508096.00
2022/02/25,2.732,2.790,2.732,2.763,417152100,1153131776.00
2022/02/28,2.763,2.787,2.741,2.786,297335100,822801664.00
2022/03/01,2.800,2.814,2.772,2.795,297158989,829887552.00
2022/03/02,2.777,2.777,2.721,2.741,323906960,887831872.00
2022/03/03,2.760,2.761,2.701,2.704,355783500,967361088.00
2022/03/04,2.681,2.710,2.652,2.662,421568753,1129164416.00
2022/03/07,2.641,2.642,2.535,2.543,657431081,1693028096.00
2022/03/08,2.540,2.568,2.486,2.507,823474261,2081933952.00
2022/03/09,2.515,2.526,2.388,2.483,1000329680,2464941056.00
2022/03/10,2.552,2.578,2.525,2.547,937142180,2395099648.00
2022/03/11,2.502,2.585,2.484,2.583,574145449,1451675008.00
2022/03/14,2.547,2.564,2.489,2.490,500412898,1264484864.00
2022/03/15,2.455,2.540,2.421,2.421,720371101,1782042368.00
2022/03/16,2.460,2.557,2.400,2.552,1118256150,2779605248.00
2022/03/17,2.595,2.674,2.590,2.624,981918041,2582585856.00
2022/03/18,2.610,2.642,2.582,2.635,407462114,1064215104.00
2022/03/21,2.639,2.666,2.614,2.636,459004012,1212819328.00
2022/03/22,2.623,2.626,2.589,2.602,304342630,792870784.00
2022/03/23,2.619,2.639,2.597,2.629,344175155,902277632.00
2022/03/24,2.605,2.638,2.571,2.620,434296027,1128841088.00
2022/03/25,2.612,2.627,2.559,2.565,508855361,1313441792.00
2022/03/28,2.540,2.545,2.494,2.512,545915442,1374741632.00
2022/03/29,2.517,2.548,2.499,2.511,413883198,1044201408.00
2022/03/30,2.527,2.610,2.524,2.610,544344827,1401462016.00
2022/03/31,2.595,2.600,2.563,2.574,390435400,1006760064.00
2022/04/01,2.550,2.599,2.548,2.580,421010194,1086474112.00
2022/04/06,2.566,2.577,2.533,2.550,353504268,900487040.00
2022/04/07,2.535,2.547,2.495,2.496,442818632,1112917376.00
2022/04/08,2.496,2.525,2.467,2.491,346638970,864112960.00
2022/04/11,2.460,2.465,2.378,2.386,605010321,1456176640.00
2022/04/12,2.386,2.442,2.381,2.440,471392786,1136473088.00
2022/04/13,2.418,2.433,2.391,2.394,478173706,1152801792.00
2022/04/14,2.420,2.430,2.365,2.389,757305712,1810300928.00
2022/04/15,2.360,2.406,2.339,2.385,522694074,1238914304.00
2022/04/18,2.361,2.413,2.335,2.412,538176438,1280920704.00
2022/04/19,2.398,2.430,2.368,2.377,438886235,1049972608.00
2022/04/20,2.376,2.376,2.284,2.288,818080224,1899263232.00
2022/04/21,2.270,2.304,2.227,2.240,655445194,1485233280.00
2022/04/22,2.221,2.252,2.207,2.225,594208581,1324393088.00
2022/04/25,2.177,2.192,2.103,2.103,1044159500,2241221632.00
2022/04/26,2.103,2.150,2.083,2.086,1020151680,2151858176.00
2022/04/27,2.066,2.200,2.057,2.200,1365175127,2893831936.00
2022/04/28,2.172,2.194,2.138,2.158,778832322,1683688192.00
2022/04/29,2.166,2.250,2.152,2.244,838179927,1849314432.00
2022/05/05,2.200,2.244,2.174,2.212,765492397,1693006848.00
2022/05/06,2.160,2.203,2.148,2.177,733627028,1598495104.00
2022/05/09,2.165,2.194,2.145,2.162,327422055,709048128.00
2022/05/10,2.136,2.217,2.121,2.204,637878072,1394483072.00
2022/05/11,2.206,2.323,2.203,2.272,1284483079,2927962880.00
2022/05/12,2.256,2.295,2.251,2.277,611513015,1390418816.00
2022/05/13,2.290,2.298,2.260,2.285,433217044,987480512.00
2022/05/16,2.295,2.319,2.256,2.257,460000370,1048772736.00
2022/05/17,2.256,2.297,2.249,2.293,340268036,775875456.00
2022/05/18,2.291,2.310,2.277,2.290,297727959,682924928.00
2022/05/19,2.255,2.306,2.255,2.306,394460793,900615488.00
2022/05/20,2.317,2.352,2.310,2.347,384367482,896931072.00
2022/05/23,2.347,2.348,2.313,2.332,300704631,700392448.00
2022/05/24,2.331,2.331,2.246,2.246,571083102,1301870336.00
2022/05/25,2.246,2.260,2.233,2.253,445035331,998804928.00
2022/05/26,2.254,2.271,2.212,2.249,496380206,1114149120.00
2022/05/27,2.268,2.304,2.238,2.251,463126679,1052158848.00
2022/05/30,2.262,2.289,2.252,2.276,359269334,816599744.00
2022/05/31,2.276,2.338,2.251,2.334,396981527,913288768.00
2022/06/01,2.333,2.366,2.321,2.354,413110272,970268928.00
2022/06/02,2.341,2.389,2.336,2.386,327388405,777180736.00
2022/06/06,2.380,2.483,2.379,2.477,465679666,1141794048.00
2022/06/07,2.474,2.498,2.457,2.478,316063541,782226816.00
2022/06/08,2.477,2.498,2.433,2.494,392041028,966851648.00
2022/06/09,2.477,2.487,2.419,2.423,332064328,813530304.00
2022/06/10,2.408,2.481,2.404,2.480,314443000,771162240.00
2022/06/13,2.458,2.488,2.448,2.469,279982947,690639936.00
2022/06/14,2.443,2.480,2.388,2.475,420423193,1020709248.00
2022/06/15,2.476,2.554,2.473,2.497,504100200,1265062272.00
2022/06/16,2.498,2.539,2.494,2.507,365609738,920034944.00
2022/06/17,2.482,2.588,2.482,2.584,463346492,1181373824.00
2022/06/20,2.590,2.661,2.588,2.626,434266350,1139676032.00
2022/06/21,2.626,2.643,2.586,2.615,343337748,896834432.00
2022/06/22,2.614,2.642,2.595,2.596,337790527,885373248.00
2022/06/23,2.601,2.680,2.594,2.680,333311072,879219392.00
2022/06/24,2.697,2.740,2.678,2.738,344323264,934975872.00
2022/06/27,2.751,2.780,2.735,2.741,351170751,967427264.00
2022/06/28,2.739,2.767,2.690,2.754,301968582,821994176.00
2022/06/29,2.734,2.760,2.680,2.683,418819644,1139624704.00
2022/06/30,2.689,2.751,2.689,2.730,385120220,1049192640.00
2022/07/01,2.728,2.738,2.687,2.699,373317705,1012247104.00
2022/07/04,2.682,2.750,2.663,2.750,422454210,1149825920.00
2022/07/05,2.758,2.784,2.701,2.739,319075511,872914368.00
2022/07/06,2.734,2.773,2.694,2.725,355301270,973782208.00
2022/07/07,2.721,2.770,2.709,2.769,297701836,817217280.00
2022/07/08,2.779,2.803,2.727,2.731,341026117,940906432.00
2022/07/11,2.729,2.729,2.661,2.690,331205323,889548992.00
2022/07/12,2.682,2.692,2.618,2.622,366684792,970727744.00
2022/07/13,2.628,2.681,2.595,2.665,403435902,1065751104.00
2022/07/14,2.653,2.758,2.649,2.735,402201800,1094292992.00
2022/07/15,2.729,2.755,2.680,2.680,317926973,865852928.00
2022/07/18,2.685,2.732,2.657,2.717,295954600,797786432.00
2022/07/19,2.715,2.715,2.658,2.670,317931400,853331904.00
2022/07/20,2.682,2.706,2.674,2.680,211530200,569203456.00
2022/07/21,2.674,2.712,2.660,2.670,240085000,645789376.00
2022/07/22,2.694,2.706,2.635,2.651,273100619,729309376.00
2022/07/25,2.647,2.657,2.615,2.629,268891671,707531008.00
2022/07/26,2.628,2.650,2.603,2.634,296400018,778613120.00
2022/07/27,2.629,2.650,2.616,2.637,248050857,652824576.00
2022/07/28,2.653,2.669,2.624,2.629,280331287,741482240.00
2022/07/29,2.633,2.639,2.588,2.594,324833381,847751104.00
2022/08/01,2.580,2.657,2.562,2.657,296644973,776182272.00
2022/08/02,2.627,2.637,2.575,2.605,361887470,943589440.00
2022/08/03,2.613,2.637,2.545,2.553,294159628,761912512.00
2022/08/04,2.560,2.578,2.536,2.565,273721862,700218496.00
2022/08/05,2.566,2.610,2.561,2.606,297501062,770493888.00
2022/08/08,2.588,2.602,2.571,2.596,225592800,584360768.00
2022/08/09,2.596,2.620,2.580,2.614,181719600,473721184.00
2022/08/10,2.606,2.614,2.570,2.579,201743400,522628832.00
2022/08/11,2.590,2.647,2.572,2.647,292071500,764684800.00
2022/08/12,2.633,2.639,2.611,2.613,239229451,626906496.00
2022/08/15,2.606,2.654,2.606,2.638,214185308,564950656.00
2022/08/16,2.639,2.679,2.638,2.652,211315398,562021376.00
2022/08/17,2.653,2.702,2.639,2.695,251215347,671659968.00
2022/08/18,2.687,2.713,2.682,2.693,194603868,525084896.00
2022/08/19,2.693,2.698,2.652,2.653,192544050,514616512.00
2022/08/22,2.650,2.701,2.634,2.699,241175642,645464000.00
2022/08/23,2.690,2.719,2.683,2.697,204361915,551734912.00
2022/08/24,2.714,2.721,2.597,2.600,386985175,1021893632.00
2022/08/25,2.604,2.615,2.558,2.590,254645316,657182656.00
2022/08/26,2.581,2.598,2.556,2.566,227227088,585540544.00
2022/08/29,2.541,2.564,2.525,2.553,227397300,579746560.00
2022/08/30,2.551,2.555,2.520,2.538,221382633,561430720.00
2022/08/31,2.525,2.537,2.474,2.491,329722217,825005568.00
2022/09/01,2.487,2.508,2.457,2.463,294973900,732782080.00
2022/09/02,2.466,2.480,2.443,2.461,349020510,858991296.00
2022/09/05,2.454,2.479,2.445,2.467,299676600,736895168.00
2022/09/06,2.466,2.470,2.420,2.468,466526847,1142575744.00
2022/09/07,2.450,2.509,2.443,2.493,385939505,959508480.00
2022/09/08,2.494,2.496,2.445,2.448,344796853,850822848.00
2022/09/09,2.453,2.477,2.449,2.476,269631054,664274304.00
2022/09/13,2.485,2.494,2.460,2.475,203552560,503964416.00
2022/09/14,2.445,2.454,2.415,2.431,270649466,659194880.00
2022/09/15,2.431,2.438,2.336,2.349,455643405,1083976832.00
2022/09/16,2.341,2.356,2.297,2.297,483345501,1122302464.00
2022/09/19,2.292,2.318,2.270,2.285,399160704,915197440.00
2022/09/20,2.295,2.327,2.285,2.297,360217200,830485824.00
2022/09/21,2.284,2.289,2.256,2.265,521184289,1181944192.00
2022/09/22,2.250,2.280,2.236,2.252,367288984,828818176.00
2022/09/23,2.245,2.268,2.209,2.239,531741668,1189493376.00
2022/09/26,2.226,2.288,2.220,2.253,528002975,1194645376.00
2022/09/27,2.258,2.306,2.258,2.306,478844429,1091035648.00
2022/09/28,2.294,2.300,2.248,2.249,464719960,1052922688.00
2022/09/29,2.269,2.288,2.251,2.267,407569326,925354880.00
2022/09/30,2.259,2.276,2.219,2.221,437156367,982234944.00
2022/10/10,2.219,2.232,2.166,2.166,417162707,915088768.00
2022/10/11,2.183,2.206,2.176,2.192,394014249,863598848.00
2022/10/12,2.191,2.275,2.169,2.274,739272978,1644065024.00
2022/10/13,2.255,2.305,2.252,2.282,596260779,1363147648.00
2022/10/14,2.315,2.380,2.297,2.365,667115977,1559025024.00
2022/10/17,2.349,2.375,2.333,2.362,389871512,918318784.00
2022/10/18,2.380,2.397,2.355,2.373,450961167,1071043968.00
2022/10/19,2.366,2.390,2.351,2.355,402415044,953362752.00
2022/10/20,2.340,2.375,2.296,2.337,667018698,1556557568.00
2022/10/21,2.337,2.342,2.310,2.321,442915341,1030042944.00
2022/10/24,2.323,2.348,2.253,2.266,771540769,1771918208.00
2022/10/25,2.252,2.279,2.214,2.241,666103065,1496709760.00
2022/10/26,2.251,2.329,2.251,2.302,671957850,1543143168.00
2022/10/27,2.319,2.320,2.265,2.265,530353994,1214527232.00
2022/10/28,2.247,2.259,2.179,2.187,732198550,1625576064.00
2022/10/31,2.166,2.231,2.164,2.202,682884200,1503479168.00
2022/11/01,2.208,2.275,2.186,2.275,762556902,1699347584.00
2022/11/02,2.261,2.325,2.256,2.305,721461496,1655586816.00
2022/11/03,2.283,2.316,2.283,2.309,629229171,1449665152.00
2022/11/04,2.307,2.394,2.304,2.383,686859859,1620339840.00
2022/11/07,2.372,2.400,2.360,2.379,543151468,1292475392.00
2022/11/08,2.379,2.386,2.341,2.363,492218900,1162296832.00
2022/11/09,2.356,2.362,2.326,2.326,508981025,1190843648.00
2022/11/10,2.313,2.321,2.276,2.288,738973167,1697717760.00
2022/11/11,2.400,2.400,2.330,2.330,1030188096,2423406592.00
2022/11/14,2.333,2.345,2.296,2.302,573687099,1332197376.00
2022/11/15,2.297,2.362,2.287,2.361,690063941,1607887488.00
2022/11/16,2.359,2.372,2.327,2.330,566352602,1328656000.00
2022/11/17,2.322,2.322,2.281,2.316,629681585,1446037632.00
2022/11/18,2.317,2.348,2.312,2.315,743979880,1733414528.00
2022/11/21,2.298,2.320,2.291,2.319,381540553,879699264.00
2022/11/22,2.312,2.316,2.263,2.273,598290264,1368854784.00
2022/11/23,2.269,2.288,2.233,2.269,582687305,1317378816.00
2022/11/24,2.276,2.289,2.262,2.264,317976523,723242432.00
2022/11/25,2.261,2.261,2.238,2.242,340945898,766181312.00
2022/11/28,2.203,2.235,2.197,2.233,487088584,1077709952.00
2022/11/29,2.233,2.280,2.228,2.268,647587855,1462123776.00
2022/11/30,2.266,2.277,2.255,2.265,444986589,1007896832.00
2022/12/01,2.312,2.332,2.308,2.311,620519705,1439503744.00
2022/12/02,2.310,2.339,2.302,2.316,438405490,1018348416.00
2022/12/05,2.327,2.334,2.298,2.313,761532495,1758129152.00
2022/12/06,2.301,2.346,2.299,2.319,493991600,1147772416.00
2022/12/07,2.311,2.359,2.308,2.343,745058214,1744170496.00
2022/12/08,2.337,2.351,2.326,2.338,304336619,711782400.00
2022/12/09,2.337,2.353,2.323,2.348,358337153,837521088.00
2022/12/12,2.342,2.348,2.330,2.333,388162334,907490944.00
2022/12/13,2.334,2.336,2.303,2.305,362350429,838699648.00
2022/12/14,2.309,2.320,2.293,2.299,333566215,768091392.00
2022/12/15,2.299,2.330,2.295,2.326,435106195,1005896256.00
2022/12/16,2.312,2.319,2.291,2.298,396639029,913544768.00
2022/12/19,2.304,2.317,2.267,2.274,447690442,1025543872.00
2022/12/20,2.270,2.271,2.242,2.243,408480751,920756608.00
2022/12/21,2.244,2.253,2.225,2.240,339057832,759300928.00
2022/12/22,2.249,2.259,2.221,2.235,406770275,911848128.00
2022/12/23,2.216,2.236,2.207,2.222,436246900,969067968.00
2022/12/26,2.224,2.265,2.222,2.262,571469455,1287210368.00
2022/12/27,2.268,2.295,2.256,2.293,565056044,1286940288.00
2022/12/28,2.278,2.281,2.257,2.267,426917279,968584384.00
2022/12/29,2.255,2.295,2.252,2.277,439087769,1001296960.00
2022/12/30,2.287,2.298,2.278,2.279,380227663,869409600.00
2023/01/03,2.267,2.293,2.246,2.289,415435034,943665728.00
2023/01/04,2.280,2.283,2.255,2.267,364283220,827058624.00
2023/01/05,2.276,2.334,2.274,2.330,660398898,1524537088.00
2023/01/06,2.321,2.368,2.315,2.350,496565430,1164821504.00
2023/01/09,2.361,2.382,2.356,2.365,319507271,756781824.00
2023/01/10,2.365,2.406,2.360,2.401,376398322,898088960.00
2023/01/11,2.401,2.409,2.369,2.374,292322728,698040640.00
2023/01/12,2.383,2.404,2.375,2.382,347597313,829707712.00
2023/01/13,2.397,2.417,2.388,2.417,379220161,909951488.00
2023/01/16,2.421,2.492,2.417,2.462,515887314,1269926144.00
2023/01/17,2.465,2.483,2.460,2.470,246206514,608463040.00
2023/01/18,2.479,2.482,2.457,2.468,264109350,652164928.00
2023/01/19,2.465,2.498,2.454,2.496,301661804,748630144.00
2023/01/20,2.505,2.518,2.495,2.507,400846024,1004660352.00
2023/01/30,2.577,2.579,2.532,2.533,568397682,1450511360.00
2023/01/31,2.533,2.543,2.497,2.507,374504768,943675136.00
2023/02/01,2.516,2.538,2.495,2.537,463857096,1167804032.00
2023/02/02,2.544,2.554,2.519,2.524,311955363,791120832.00
2023/02/03,2.515,2.527,2.475,2.500,463220984,1158328320.00
2023/02/06,2.486,2.486,2.449,2.468,424024224,1045613952.00
2023/02/07,2.474,2.482,2.445,2.461,396782526,976604416.00
2023/02/08,2.466,2.475,2.445,2.447,392946861,966329472.00
2023/02/09,2.444,2.496,2.440,2.493,473029358,1172120576.00
2023/02/10,2.493,2.494,2.455,2.465,426409795,1054102720.00
2023/02/13,2.463,2.502,2.463,2.495,400301131,995868224.00
2023/02/14,2.502,2.508,2.475,2.490,270949848,673563648.00
2023/02/15,2.488,2.498,2.466,2.468,275920364,682666624.00
2023/02/16,2.473,2.491,2.422,2.436,440439397,1083733120.00
2023/02/17,2.433,2.439,2.375,2.378,594946763,1429280256.00
2023/02/20,2.372,2.409,2.353,2.403,533365951,1269505024.00
2023/02/21,2.401,2.407,2.378,2.395,378099800,905100096.00
2023/02/22,2.385,2.399,2.372,2.377,342061627,815119168.00
2023/02/23,2.379,2.398,2.374,2.385,384925671,918342976.00
2023/02/24,2.388,2.390,2.354,2.357,493528769,1167374592.00
2023/02/27,2.347,2.362,2.333,2.340,505281300,1183931520.00
2023/02/28,2.350,2.362,2.334,2.359,476687944,1120630144.00
2023/03/01,2.358,2.378,2.344,2.372,641239839,1515000192.00
2023/03/02,2.368,2.371,2.341,2.347,504645348,1187932672.00
2023/03/03,2.353,2.362,2.332,2.352,563211585,1323371008.00
2023/03/06,2.356,2.365,2.320,2.361,773804802,1815382144.00
2023/03/07,2.354,2.359,2.311,2.312,895696416,2091310464.00
2023/03/08,2.303,2.319,2.296,2.308,761173623,1754539008.00
2023/03/09,2.309,2.316,2.296,2.303,694805094,1602665728.00
2023/03/10,2.295,2.318,2.284,2.300,992962972,2284813312.00
2023/03/13,2.295,2.306,2.276,2.287,1019589999,2333097216.00
2023/03/14,2.285,2.287,2.238,2.276,1167430139,2646251520.00
2023/03/15,2.285,2.303,2.266,2.268,1018744045,2327203840.00
2023/03/16,2.257,2.265,2.230,2.233,1283576520,2884549888.00
2023/03/17,2.248,2.252,2.221,2.228,1648031449,3685846784.00
2023/03/20,2.229,2.250,2.213,2.226,1592100923,3546732544.00
2023/03/21,2.233,2.266,2.232,2.265,1625921035,3658666496.00
2023/03/22,2.270,2.286,2.260,2.270,1437067121,3267475456.00
2023/03/23,2.262,2.288,2.259,2.288,862696993,1965791360.00
2023/03/24,2.292,2.300,2.282,2.297,848559409,1946226688.00
2023/03/27,2.293,2.325,2.290,2.323,1204912351,2786917120.00
2023/03/28,2.322,2.322,2.293,2.298,617310942,1422968320.00
2023/03/29,2.300,2.309,2.294,2.297,558502747,1286214656.00
2023/03/30,2.300,2.313,2.290,2.313,565199458,1301419776.00
2023/03/31,2.321,2.328,2.314,2.327,680843545,1580918272.00
2023/04/03,2.327,2.370,2.327,2.366,1109615298,2608463104.00
2023/04/04,2.366,2.367,2.336,2.350,776431390,1822002560.00
2023/04/06,2.334,2.355,2.331,2.354,548706855,1285376384.00
2023/04/07,2.351,2.380,2.347,2.369,568429137,1346645888.00
2023/04/10,2.379,2.385,2.358,2.368,826441010,1960483456.00
2023/04/11,2.367,2.386,2.351,2.362,505805374,1197323520.00
2023/04/12,2.364,2.364,2.342,2.353,535620949,1259523968.00
2023/04/13,2.345,2.352,2.332,2.332,441531604,1033292672.00
2023/04/14,2.342,2.356,2.336,2.355,533887158,1254207872.00
2023/04/17,2.354,2.366,2.348,2.364,422975200,997150272.00
2023/04/18,2.362,2.372,2.350,2.354,468656041,1105884288.00
2023/04/19,2.356,2.356,2.338,2.339,309091279,724993728.00
2023/04/20,2.337,2.338,2.304,2.314,543487388,1259885440.00
2023/04/21,2.318,2.326,2.268,2.269,691772625,1587990016.00
2023/04/24,2.267,2.269,2.220,2.234,729423712,1633647616.00
2023/04/25,2.236,2.241,2.178,2.193,1360845153,2993352704.00
2023/04/26,2.187,2.238,2.184,2.226,1108303693,2461077760.00
2023/04/27,2.219,2.247,2.215,2.240,459020843,1025641024.00
2023/04/28,2.247,2.260,2.236,2.255,413314576,929424448.00
2023/05/04,2.253,2.253,2.224,2.230,384566957,858954752.00
2023/05/05,2.228,2.230,2.194,2.202,525795107,1161401088.00
2023/05/08,2.210,2.214,2.188,2.213,776158104,1709956992.00
2023/05/09,2.209,2.211,2.179,2.180,808962924,1776822656.00
2023/05/10,2.176,2.210,2.166,2.199,1177438087,2574160640.00
2023/05/11,2.201,2.229,2.200,2.211,831426855,1841293824.00
2023/05/12,2.211,2.220,2.185,2.185,598689306,1317692928.00
2023/05/15,2.192,2.235,2.190,2.234,691640344,1532618112.00
2023/05/16,2.242,2.244,2.222,2.228,625001008,1395160832.00
2023/05/17,2.230,2.236,2.217,2.229,622135261,1384597376.00
2023/05/18,2.233,2.237,2.198,2.215,767041872,1699666432.00
2023/05/19,2.212,2.229,2.206,2.215,447228331,991730752.00
2023/05/22,2.216,2.227,2.201,2.214,517290300,1144617728.00
2023/05/23,2.216,2.218,2.186,2.187,693364445,1527019904.00
2023/05/24,2.181,2.204,2.175,2.183,739504663,1618149760.00
2023/05/25,2.179,2.194,2.166,2.184,812696688,1770841600.00
2023/05/26,2.183,2.183,2.153,2.167,918184107,1990154112.00
2023/05/29,2.171,2.177,2.136,2.143,712522485,1531858688.00
2023/05/30,2.139,2.157,2.120,2.155,724969316,1552001536.00
2023/05/31,2.149,2.153,2.125,2.131,849879478,1815634560.00
2023/06/01,2.133,2.163,2.127,2.148,882644949,1899353728.00
2023/06/02,2.156,2.179,2.152,2.175,787976875,1708637696.00
2023/06/05,2.173,2.173,2.138,2.143,867213847,1861880064.00
2023/06/06,2.140,2.141,2.102,2.106,901203189,1912088192.00
2023/06/07,2.105,2.106,2.069,2.075,935942912,1949153024.00
2023/06/08,2.075,2.083,2.064,2.071,936815159,1941993600.00
2023/06/09,2.073,2.086,2.064,2.086,874565924,1814523648.00
2023/06/12,2.080,2.106,2.076,2.095,759590789,1588662784.00
2023/06/13,2.093,2.113,2.090,2.111,705803363,1485189120.00
2023/06/14,2.115,2.121,2.106,2.106,682405991,1441646720.00
2023/06/15,2.114,2.180,2.114,2.179,1894513924,4072250880.00
2023/06/16,2.185,2.215,2.178,2.208,1071432329,2354504704.00
2023/06/19,2.211,2.219,2.201,2.207,736784304,1627002624.00
2023/06/20,2.203,2.220,2.199,2.210,579583067,1280742144.00
2023/06/21,2.206,2.208,2.155,2.156,717516575,1563223808.00
2023/06/26,2.140,2.158,2.118,2.133,692530200,1478758272.00
2023/06/27,2.133,2.151,2.124,2.138,595913585,1273123200.00
2023/06/28,2.134,2.135,2.107,2.126,646705709,1373018880.00
2023/06/29,2.121,2.139,2.121,2.129,377461400,804433088.00
2023/06/30,2.126,2.174,2.118,2.164,1009143576,2177900544.00
2023/07/03,2.168,2.185,2.160,2.171,558298527,1213190912.00
2023/07/04,2.169,2.178,2.161,2.174,430654335,934176256.00
2023/07/05,2.176,2.182,2.152,2.156,397849000,861355840.00
2023/07/06,2.150,2.163,2.133,2.137,597872373,1281170688.00
2023/07/07,2.130,2.132,2.116,2.118,474277941,1006764672.00
2023/07/10,2.127,2.158,2.126,2.145,582323452,1248499072.00
2023/07/11,2.147,2.162,2.138,2.161,370678896,797744832.00
2023/07/12,2.162,2.163,2.138,2.139,435312827,935868544.00
2023/07/13,2.151,2.182,2.151,2.182,634177956,1378630656.00
2023/07/14,2.184,2.187,2.167,2.169,519181764,1128574336.00
2023/07/17,2.163,2.164,2.142,2.152,364269795,783461376.00
2023/07/18,2.155,2.159,2.143,2.147,446288874,958560192.00
2023/07/19,2.145,2.148,2.117,2.125,679578094,1445979264.00
2023/07/20,2.129,2.145,2.098,2.103,853623459,1811813248.00
2023/07/21,2.100,2.123,2.097,2.110,537540301,1134454144.00
2023/07/24,2.100,2.114,2.088,2.090,624224979,1308892800.00
2023/07/25,2.123,2.140,2.113,2.136,934957464,1988807296.00
2023/07/26,2.130,2.138,2.125,2.135,683781717,1458159744.00
2023/07/27,2.140,2.150,2.125,2.129,494127457,1056226112.00
2023/07/28,2.120,2.169,2.117,2.163,936686482,2013407744.00
2023/07/31,2.172,2.199,2.172,2.182,660965287,1445212416.00
2023/08/01,2.180,2.192,2.161,2.168,486445986,1058105280.00
2023/08/02,2.166,2.177,2.158,2.164,406098632,879593792.00
2023/08/03,2.158,2.187,2.158,2.187,445575312,969635008.00
2023/08/04,2.210,2.225,2.190,2.204,886747451,1959096576.00
2023/08/07,2.198,2.201,2.179,2.185,595173894,1301999232.00
2023/08/08,2.183,2.190,2.171,2.177,526421685,1147757824.00
2023/08/09,2.170,2.185,2.169,2.174,411631166,895238656.00
2023/08/10,2.173,2.186,2.165,2.184,473737627,1031790336.00
2023/08/11,2.187,2.187,2.129,2.129,702368727,1512087552.00
2023/08/14,2.112,2.115,2.087,2.113,765851696,1610654464.00
2023/08/15,2.112,2.116,2.078,2.096,641605873,1342676096.00
2023/08/16,2.085,2.102,2.080,2.082,467057983,976619968.00
2023/08/17,2.078,2.099,2.061,2.094,756313144,1574016256.00
2023/08/18,2.090,2.101,2.064,2.065,622647459,1297043840.00
2023/08/21,2.061,2.061,2.033,2.035,687195028,1407292416.00
2023/08/22,2.043,2.050,1.998,2.038,1146018577,2319842304.00
2023/08/23,2.023,2.028,1.984,1.987,905667448,1816410112.00
2023/08/24,1.995,2.031,1.990,2.014,991409796,1994099456.00
2023/08/25,2.000,2.007,1.982,1.991,682777133,1362246912.00
2023/08/28,2.136,2.136,2.003,2.010,1312341802,2700032768.00
2023/08/29,2.002,2.080,2.000,2.067,1096027917,2248179712.00
2023/08/30,2.064,2.088,2.057,2.066,658646718,1364718720.00
2023/08/31,2.062,2.064,2.048,2.052,409895941,842366272.00
2023/09/01,2.058,2.068,2.040,2.049,388520505,797102976.00
2023/09/04,2.058,2.069,2.038,2.067,679968051,1398673152.00
2023/09/05,2.060,2.069,2.055,2.057,435085200,896796288.00
2023/09/06,2.050,2.053,2.037,2.049,448124258,916192384.00
2023/09/07,2.043,2.043,2.003,2.003,625392618,1262214400.00
2023/09/08,2.000,2.005,1.987,1.998,469066896,936024576.00
2023/09/11,2.000,2.025,1.990,2.011,584037929,1172438784.00
2023/09/12,2.007,2.012,1.997,1.998,426593799,854262976.00
2023/09/13,1.995,2.002,1.964,1.974,734514100,1453391104.00
2023/09/14,1.969,1.974,1.952,1.960,705540431,1383425920.00
2023/09/15,1.962,1.972,1.946,1.954,896520762,1753078144.00
2023/09/18,1.951,1.982,1.946,1.968,772908104,1521163648.00
2023/09/19,1.966,1.967,1.945,1.952,688245182,1343148160.00
2023/09/20,1.947,1.952,1.935,1.936,549262359,1066751872.00
2023/09/21,1.930,1.940,1.917,1.917,559424890,1077187968.00
2023/09/22,1.913,1.964,1.911,1.964,974501148,1892135680.00
2023/09/25,1.955,1.963,1.949,1.953,476078192,930583680.00
2023/09/26,1.951,1.958,1.938,1.938,454845902,884715840.00
2023/09/27,1.935,1.977,1.935,1.956,791895321,1549533312.00
2023/09/28,1.958,1.968,1.945,1.953,496048624,969167488.00
2023/10/09,1.950,1.956,1.928,1.947,580112721,1125998592.00
2023/10/10,1.954,1.962,1.936,1.938,458517775,893269376.00
2023/10/11,1.945,1.969,1.945,1.954,578796016,1132965376.00
2023/10/12,1.969,1.971,1.951,1.968,509939716,1001556864.00
2023/10/13,1.954,1.956,1.936,1.945,570836227,1110367104.00
2023/10/16,1.945,1.947,1.900,1.906,771927807,1479735168.00
2023/10/17,1.910,1.919,1.900,1.912,415257707,793332544.00
2023/10/18,1.906,1.906,1.885,1.887,578109825,1093760512.00
2023/10/19,1.878,1.887,1.864,1.867,717269767,1345516416.00
2023/10/20,1.860,1.874,1.845,1.850,734415500,1363194240.00
2023/10/23,1.845,1.845,1.806,1.815,951548155,1734577408.00
2023/10/24,1.818,1.842,1.812,1.832,847443361,1548311424.00
2023/10/25,1.844,1.848,1.814,1.815,904460724,1655296768.00
2023/10/26,1.802,1.830,1.793,1.829,846244015,1530249472.00
2023/10/27,1.820,1.888,1.816,1.881,1323508741,2456974592.00
2023/10/30,1.874,1.933,1.874,1.926,1482883041,2835314944.00
2023/10/31,1.920,1.923,1.907,1.916,461418314,883490880.00
2023/11/01,1.921,1.923,1.899,1.908,435475245,831878528.00
2023/11/02,1.912,1.922,1.889,1.890,481502647,916837568.00
2023/11/03,1.894,1.925,1.894,1.918,625522007,1196348032.00
2023/11/06,1.930,1.982,1.930,1.981,1073307431,2108232192.00
2023/11/07,1.974,1.980,1.960,1.967,694565756,1367621120.00
2023/11/08,1.964,1.983,1.957,1.971,696777573,1374036864.00
2023/11/09,1.968,1.983,1.961,1.967,576008578,1134900096.00
2023/11/10,1.958,1.960,1.948,1.955,505557927,987856576.00
2023/11/13,1.965,1.970,1.945,1.958,508384042,994006016.00
2023/11/14,1.957,1.973,1.943,1.953,599259509,1173304832.00
2023/11/15,1.980,1.983,1.956,1.963,651342175,1282823040.00
2023/11/16,1.961,1.962,1.925,1.925,742839749,1439596800.00
2023/11/17,1.920,1.935,1.918,1.934,369854251,713018368.00
2023/11/20,1.934,1.947,1.918,1.942,602010387,1162760064.00
2023/11/21,1.949,1.962,1.928,1.931,759957242,1477950336.00
2023/11/22,1.923,1.930,1.899,1.899,773629987,1478989696.00
2023/11/23,1.898,1.912,1.891,1.911,508292678,966151360.00
2023/11/24,1.908,1.910,1.885,1.888,547588358,1036666688.00
2023/11/27,1.883,1.886,1.868,1.878,479283610,898970240.00
2023/11/28,1.874,1.890,1.870,1.890,404416755,760640128.00
2023/11/29,1.886,1.888,1.867,1.867,450992537,846641856.00
2023/11/30,1.869,1.884,1.863,1.874,446459400,836239296.00
2023/12/01,1.873,1.887,1.856,1.881,631200711,1181661312.00
2023/12/04,1.878,1.880,1.858,1.858,656821120,1226999424.00
2023/12/05,1.854,1.857,1.822,1.823,733446934,1349960064.00
2023/12/06,1.818,1.850,1.816,1.834,535123528,983248320.00
2023/12/07,1.828,1.841,1.817,1.829,502106061,917245056.00
2023/12/08,1.831,1.848,1.823,1.843,491846206,903724800.00
2023/12/11,1.836,1.872,1.819,1.868,967030082,1784432000.00
2023/12/12,1.861,1.865,1.851,1.856,657303304,1220686848.00
2023/12/13,1.850,1.850,1.822,1.822,694101415,1272670976.00
2023/12/14,1.833,1.846,1.812,1.812,531726788,971479872.00
2023/12/15,1.820,1.830,1.795,1.802,735592234,1331806848.00
2023/12/18,1.792,1.799,1.767,1.773,663673250,1182987136.00
2023/12/19,1.771,1.791,1.767,1.781,663599408,1178902784.00
2023/12/20,1.783,1.787,1.755,1.755,743595696,1314787712.00
2023/12/21,1.749,1.794,1.747,1.787,965993397,1712190848.00
2023/12/22,1.779,1.801,1.766,1.780,884137215,1576158464.00
2023/12/25,1.777,1.791,1.772,1.783,570330401,1015507712.00
2023/12/26,1.780,1.781,1.753,1.761,818580114,1442271744.00
2023/12/27,1.762,1.771,1.750,1.763,653687815,1150699776.00
2023/12/28,1.761,1.840,1.757,1.833,1588449099,2875816704.00
2023/12/29,1.828,1.848,1.827,1.842,749327441,1378547200.00
2024/01/02,1.842,1.842,1.806,1.806,708913360,1289636736.00
2024/01/03,1.802,1.809,1.778,1.787,788716184,1412240512.00
2024/01/04,1.783,1.786,1.748,1.754,1075385099,1892807424.00
2024/01/05,1.751,1.768,1.720,1.728,1180603065,2058616832.00
2024/01/08,1.724,1.734,1.698,1.699,1242198954,2127475840.00
2024/01/09,1.702,1.729,1.691,1.706,1256151656,2143990400.00
2024/01/10,1.696,1.726,1.681,1.698,1106678416,1886530688.00
2024/01/11,1.694,1.744,1.694,1.732,1370393609,2359728384.00
2024/01/12,1.722,1.739,1.713,1.714,1012545700,1746324864.00
2024/01/15,1.702,1.720,1.692,1.698,851791011,1451523456.00
2024/01/16,1.692,1.709,1.679,1.708,1284760475,2176231936.00
2024/01/17,1.700,1.700,1.653,1.656,1265337918,2123585792.00
2024/01/18,1.643,1.690,1.635,1.683,1688088523,2794540288.00
2024/01/19,1.675,1.697,1.669,1.669,1486453132,2498436864.00
2024/01/22,1.663,1.670,1.612,1.623,1302284360,2144565760.00
2024/01/23,1.620,1.656,1.612,1.642,1408814153,2311645696.00
2024/01/24,1.650,1.657,1.599,1.650,1502149290,2449723392.00
2024/01/25,1.641,1.676,1.628,1.675,1785198899,2958236160.00
2024/01/26,1.665,1.670,1.633,1.637,1396533540,2307114752.00
2024/01/29,1.638,1.643,1.580,1.580,1686528696,2705441024.00
2024/01/30,1.570,1.589,1.541,1.544,1595555816,2493371648.00
2024/01/31,1.544,1.560,1.530,1.533,1866133206,2884546048.00
2024/02/01,1.527,1.574,1.522,1.548,1981325768,3070980352.00
2024/02/02,1.546,1.554,1.471,1.508,2553627718,3868328704.00
2024/02/05,1.491,1.560,1.444,1.527,6284794200,9548911616.00
2024/02/06,1.508,1.624,1.502,1.623,3688075091,5835093504.00
2024/02/07,1.622,1.666,1.614,1.660,4361891000,7203702784.00
2024/02/08,1.670,1.718,1.669,1.681,2560367620,4328895488.00
2024/02/19,1.704,1.707,1.675,1.697,2281919883,3851174656.00
2024/02/20,1.688,1.701,1.676,1.696,1332943721,2253230336.00
2024/02/21,1.681,1.736,1.676,1.703,1237167433,2116292352.00
2024/02/22,1.700,1.714,1.694,1.710,960793958,1636373888.00
2024/02/23,1.717,1.719,1.695,1.709,839875547,1432116096.00
2024/02/26,1.706,1.720,1.690,1.704,1231141476,2098414336.00
2024/02/27,1.696,1.746,1.694,1.746,1214852778,2089515136.00
2024/02/28,1.749,1.780,1.701,1.701,1864987538,3255806464.00
2024/02/29,1.696,1.762,1.693,1.761,1424778162,2471440640.00
2024/03/01,1.757,1.781,1.746,1.775,1288194720,2273286656.00
2024/03/04,1.773,1.796,1.767,1.783,962685627,1715526784.00
2024/03/05,1.771,1.794,1.765,1.780,3446431998,6145635840.00
2024/03/06,1.773,1.805,1.761,1.782,1500724206,2665126144.00
2024/03/07,1.779,1.788,1.740,1.742,1219475363,2142139648.00
2024/03/08,1.745,1.763,1.730,1.756,822748925,1438428544.00
2024/03/11,1.760,1.840,1.760,1.840,2012724290,3627820288.00
2024/03/12,1.845,1.863,1.832,1.851,1113893870,2058508928.00
2024/03/13,1.854,1.859,1.838,1.841,893689364,1650375296.00
2024/03/14,1.841,1.860,1.818,1.832,827895132,1520527744.00
2024/03/15,1.825,1.836,1.796,1.833,1076474699,1953112064.00
2024/03/18,1.850,1.875,1.848,1.875,1421189585,2643710976.00
2024/03/19,1.870,1.873,1.852,1.853,790305384,1474010240.00
2024/03/20,1.848,1.862,1.844,1.856,617123607,1143969152.00
2024/03/21,1.860,1.868,1.844,1.846,710884938,1316880000.00
2024/03/22,1.843,1.844,1.808,1.817,1066712085,1943555200.00
2024/03/25,1.809,1.819,1.781,1.781,1158324590,2087959040.00
2024/03/26,1.782,1.805,1.777,1.792,1014158890,1815893632.00
2024/03/27,1.787,1.788,1.741,1.742,759903151,1339840512.00
2024/03/28,1.740,1.778,1.738,1.758,739077416,1300045056.00
2024/03/29,1.756,1.773,1.750,1.768,598869727,1055046912.00
2024/04/01,1.780,1.822,1.780,1.822,883013533,1596048896.00
2024/04/02,1.822,1.822,1.801,1.808,640194903,1158298112.00
2024/04/03,1.804,1.804,1.789,1.790,460926972,827315072.00
2024/04/08,1.785,1.789,1.756,1.758,539691331,955289216.00
2024/04/09,1.759,1.778,1.752,1.777,486469617,859278592.00
2024/04/10,1.774,1.774,1.731,1.739,900005281,1569964672.00
2024/04/11,1.725,1.752,1.725,1.731,724619007,1258500480.00
2024/04/12,1.730,1.740,1.711,1.713,725132373,1249364608.00
2024/04/15,1.712,1.757,1.712,1.746,1135792622,1979130240.00
2024/04/16,1.740,1.742,1.709,1.713,756146236,1303733248.00
2024/04/17,1.718,1.748,1.718,1.747,631105956,1094935936.00
2024/04/18,1.739,1.759,1.717,1.738,723180629,1258117120.00
2024/04/19,1.725,1.728,1.692,1.705,843747450,1441227392.00
2024/04/22,1.695,1.718,1.687,1.703,511959306,872464896.00
2024/04/23,1.708,1.716,1.693,1.705,477287894,813383040.00
2024/04/24,1.709,1.720,1.696,1.719,544465144,930652224.00
2024/04/25,1.710,1.730,1.700,1.716,591638977,1015097856.00
2024/04/26,1.717,1.777,1.717,1.774,1045562882,1835092480.00
2024/04/29,1.780,1.854,1.780,1.837,1233080828,2249887488.00
2024/04/30,1.837,1.837,1.816,1.816,715833999,1307150464.00
2024/05/06,1.852,1.863,1.846,1.853,869089056,1611906560.00
2024/05/07,1.851,1.857,1.844,1.850,555116244,1027079872.00
2024/05/08,1.847,1.847,1.820,1.821,592679800,1083975296.00
2024/05/09,1.828,1.860,1.828,1.856,759364800,1404404864.00
2024/05/10,1.858,1.859,1.829,1.840,634573290,1166185216.00
2024/05/13,1.819,1.835,1.808,1.817,550642700,1003161984.00
2024/05/14,1.821,1.831,1.809,1.813,513724454,933390400.00
2024/05/15,1.814,1.823,1.795,1.797,639722365,1155215872.00
2024/05/16,1.806,1.819,1.794,1.801,659468880,1191189888.00
2024/05/17,1.795,1.825,1.791,1.824,708980647,1282770688.00
2024/05/20,1.828,1.844,1.823,1.831,823089781,1508793856.00
2024/05/21,1.826,1.831,1.813,1.818,450842056,820583232.00
2024/05/22,1.819,1.842,1.814,1.839,743467414,1358050304.00
2024/05/23,1.837,1.837,1.807,1.811,659988869,1199542656.00
2024/05/24,1.804,1.821,1.778,1.781,682831899,1226193792.00
2024/05/27,1.784,1.793,1.762,1.792,621923869,1104233088.00
2024/05/28,1.784,1.789,1.766,1.769,423728843,752314752.00
2024/05/29,1.768,1.793,1.765,1.772,681760700,1212774272.00
2024/05/30,1.772,1.783,1.767,1.777,457519100,811975936.00
2024/05/31,1.781,1.794,1.770,1.772,519931443,926361088.00
2024/06/03,1.769,1.786,1.764,1.782,553437146,983356992.00
2024/06/04,1.778,1.812,1.777,1.806,745020494,1338179968.00
2024/06/05,1.805,1.821,1.796,1.796,529841662,958489664.00
2024/06/06,1.804,1.808,1.778,1.785,657750919,1180252928.00
2024/06/07,1.784,1.786,1.729,1.748,1001784458,1757294848.00
2024/06/11,1.735,1.757,1.727,1.752,603465510,1050263744.00
2024/06/12,1.746,1.754,1.742,1.743,394380200,689179264.00
2024/06/13,1.752,1.766,1.741,1.742,724504200,1267620096.00
2024/06/14,1.745,1.762,1.726,1.756,648735541,1130929536.00
2024/06/17,1.746,1.775,1.743,1.768,608888400,1074684672.00
2024/06/18,1.769,1.785,1.766,1.776,492435065,874882816.00
2024/06/19,1.781,1.783,1.752,1.753,630364710,1108481792.00
2024/06/20,1.750,1.758,1.727,1.728,594462010,1033472896.00
2024/06/21,1.725,1.729,1.709,1.723,606289500,1042667776.00
2024/06/24,1.711,1.721,1.693,1.696,735995842,1256397056.00
2024/06/25,1.694,1.698,1.657,1.666,888854570,1489330688.00
2024/06/26,1.665,1.700,1.662,1.699,766865883,1288964864.00
2024/06/27,1.689,1.689,1.669,1.670,721433264,1209479296.00
2024/06/28,1.665,1.688,1.647,1.652,756079060,1261766784.00
2024/07/01,1.648,1.658,1.621,1.650,868099709,1421609472.00
2024/07/02,1.643,1.652,1.627,1.633,692631751,1134882688.00
2024/07/03,1.633,1.645,1.616,1.629,741643774,1208017792.00
2024/07/04,1.633,1.643,1.615,1.616,716873865,1165540352.00
2024/07/05,1.615,1.630,1.601,1.623,813820537,1313878528.00
2024/07/08,1.615,1.620,1.592,1.596,793613042,1273747584.00
2024/07/09,1.594,1.629,1.584,1.620,1100880992,1768440704.00
2024/07/10,1.609,1.636,1.608,1.618,776889000,1262057216.00
2024/07/11,1.640,1.664,1.627,1.654,965745652,1590536192.00
2024/07/12,1.648,1.661,1.640,1.653,833284352,1376375936.00
2024/07/15,1.644,1.648,1.633,1.640,791256244,1297951104.00
2024/07/16,1.638,1.665,1.637,1.664,875855545,1448026880.00
2024/07/17,1.660,1.674,1.653,1.663,783429981,1303083776.00
2024/07/18,1.653,1.687,1.649,1.686,2080696228,3469057536.00
2024/07/19,1.673,1.699,1.672,1.692,1470068545,2486560256.00
2024/07/22,1.693,1.702,1.679,1.693,772695673,1307253120.00
2024/07/23,1.691,1.691,1.639,1.640,760674858,1262944768.00
2024/07/24,1.634,1.651,1.614,1.619,671540405,1095298560.00
2024/07/25,1.610,1.627,1.607,1.614,564990756,912831616.00
2024/07/26,1.617,1.638,1.615,1.627,750258059,1220285952.00
2024/07/29,1.622,1.623,1.603,1.604,572442768,920370368.00
2024/07/30,1.600,1.607,1.591,1.601,610603538,975027456.00
2024/07/31,1.594,1.658,1.592,1.658,1432051900,2339588864.00
2024/08/01,1.659,1.663,1.631,1.636,903043900,1484320384.00
2024/08/02,1.621,1.639,1.604,1.609,1119024276,1810881152.00
2024/08/05,1.592,1.625,1.576,1.576,1257983773,2010902144.00
2024/08/06,1.594,1.607,1.581,1.597,893255174,1423912576.00
2024/08/07,1.593,1.601,1.587,1.589,688750762,1098120320.00
2024/08/08,1.582,1.599,1.568,1.582,893844578,1413969024.00
2024/08/09,1.590,1.598,1.566,1.566,819608200,1294422144.00
2024/08/12,1.566,1.572,1.558,1.563,646270400,1011415424.00
2024/08/13,1.562,1.578,1.558,1.578,763605725,1195477120.00
2024/08/14,1.575,1.576,1.554,1.555,879850384,1373900544.00
2024/08/15,1.551,1.579,1.550,1.565,1380274479,2158889984.00
2024/08/16,1.564,1.573,1.558,1.561,655459444,1025138624.00
2024/08/19,1.560,1.577,1.557,1.559,794377400,1244095232.00
2024/08/20,1.561,1.562,1.536,1.539,936758543,1447293568.00
2024/08/21,1.532,1.543,1.527,1.529,734193701,1125584896.00
2024/08/22,1.530,1.534,1.515,1.516,855591700,1301647488.00
2024/08/23,1.512,1.526,1.509,1.517,1209725805,1835561856.00
2024/08/26,1.517,1.528,1.511,1.515,705268982,1070720960.00
2024/08/27,1.511,1.512,1.497,1.500,795111890,1194899328.00
2024/08/28,1.499,1.505,1.494,1.501,788319730,1182047872.00
2024/08/29,1.488,1.522,1.484,1.513,1840128965,2770964992.00
2024/08/30,1.511,1.571,1.511,1.552,2067004415,3199131648.00
2024/09/02,1.547,1.552,1.506,1.507,1586730030,2416710656.00
2024/09/03,1.504,1.532,1.503,1.525,1101524700,1675797248.00
2024/09/04,1.512,1.540,1.510,1.525,978509626,1492736512.00
2024/09/05,1.525,1.546,1.524,1.536,862451200,1323868160.00
2024/09/06,1.535,1.538,1.508,1.508,989684600,1503394560.00
2024/09/09,1.500,1.519,1.498,1.513,1813528856,2736028672.00
2024/09/10,1.514,1.524,1.495,1.512,1541258816,2323816704.00
2024/09/11,1.510,1.534,1.507,1.528,1435229316,2187736576.00
2024/09/12,1.536,1.549,1.521,1.525,1261776253,1936399872.00
2024/09/13,1.525,1.528,1.508,1.509,878423707,1332460544.00
2024/09/18,1.505,1.513,1.494,1.504,965714800,1451166464.00
2024/09/19,1.511,1.537,1.492,1.519,1839423710,2789678336.00
2024/09/20,1.516,1.517,1.498,1.508,2092058400,3150914816.00
2024/09/23,1.507,1.520,1.500,1.501,1303535933,1967069184.00
2024/09/24,1.515,1.588,1.504,1.587,3337729544,5158212096.00
2024/09/25,1.621,1.649,1.609,1.610,2673008266,4346647040.00
2024/09/26,1.604,1.686,1.595,1.686,2844215463,4662498816.00
2024/09/27,1.713,1.890,1.713,1.860,5612598400,10096030720.00
2024/09/30,2.000,2.232,1.928,2.232,6977214400,14533319680.00
2024/10/08,2.678,2.678,2.290,2.678,18567726500,47486377984.00
2024/10/09,2.410,2.478,2.238,2.242,16461881300,38584922112.00
2024/10/10,2.241,2.297,2.137,2.174,8062551600,17811734528.00
2024/10/11,2.134,2.152,2.026,2.060,7299528700,15183685632.00
2024/10/14,2.078,2.124,2.022,2.116,5700479800,11851253760.00
2024/10/15,2.094,2.135,2.045,2.045,4378476100,9145503744.00
2024/10/16,2.001,2.044,1.989,2.000,3815133051,7664940544.00
2024/10/17,2.019,2.042,1.993,1.995,3136105541,6333780480.00
2024/10/18,1.986,2.256,1.986,2.156,8169588500,17246253056.00
2024/10/21,2.162,2.225,2.139,2.167,5290536300,11510502400.00
2024/10/22,2.158,2.186,2.139,2.175,2731476861,5911592960.00
2024/10/23,2.166,2.211,2.145,2.162,3045440403,6623460864.00
2024/10/24,2.149,2.161,2.126,2.132,1999647292,4281073152.00
2024/10/25,2.147,2.236,2.138,2.196,4185661608,9158135808.00
2024/10/28,2.193,2.193,2.158,2.188,2035712102,4432947200.00
2024/10/29,2.191,2.198,2.133,2.135,2679460409,5783643136.00
2024/10/30,2.119,2.138,2.086,2.111,2306501650,4870460416.00
2024/10/31,2.105,2.164,2.090,2.122,3127668969,6665871360.00
2024/11/01,2.104,2.125,2.080,2.084,2388576798,5027417600.00
2024/11/04,2.081,2.146,2.080,2.145,2083738600,4424060416.00
2024/11/05,2.144,2.258,2.130,2.249,5248183700,11653248000.00
2024/11/06,2.249,2.316,2.202,2.223,4598609700,10389830656.00
2024/11/07,2.202,2.306,2.198,2.306,3602781575,8123542528.00
2024/11/08,2.355,2.365,2.274,2.282,3498492991,8113596928.00
2024/11/11,2.250,2.350,2.249,2.349,3186116488,7362300416.00
2024/11/12,2.365,2.402,2.316,2.345,3223053432,7623609344.00
2024/11/13,2.325,2.381,2.300,2.372,2853985135,6672901632.00
2024/11/14,2.370,2.372,2.285,2.288,2166119864,5043001856.00
2024/11/15,2.276,2.294,2.201,2.204,2724669211,6126017536.00
2024/11/18,2.205,2.219,2.132,2.149,2860946863,6207444480.00
2024/11/19,2.155,2.219,2.132,2.215,3152990214,6860088320.00
2024/11/20,2.201,2.240,2.195,2.223,2395697876,5309861888.00
2024/11/21,2.213,2.237,2.206,2.223,1552623895,3449564160.00
2024/11/22,2.218,2.226,2.133,2.136,2025684308,4419031552.00
2024/11/25,2.140,2.151,2.100,2.132,1994601712,4239346176.00
2024/11/26,2.122,2.146,2.107,2.109,1388130768,2950218240.00
2024/11/27,2.100,2.167,2.079,2.165,2381260478,5063215616.00
2024/11/28,2.162,2.165,2.124,2.128,1581214159,3390962944.00
2024/11/29,2.122,2.221,2.120,2.179,3069830207,6686251008.00
2024/12/02,2.172,2.218,2.166,2.211,2074856913,4569798144.00
2024/12/03,2.211,2.219,2.182,2.198,1591681412,3502377984.00
2024/12/04,2.195,2.203,2.161,2.170,1408311822,3072274688.00
2024/12/05,2.167,2.195,2.163,2.177,1088127980,2370569472.00
2024/12/06,2.180,2.247,2.170,2.224,2590327932,5742016512.00
2024/12/09,2.219,2.230,2.185,2.206,1491824413,3292494592.00
2024/12/10,2.320,2.320,2.214,2.221,3532884251,7987491328.00
2024/12/11,2.215,2.235,2.209,2.218,1440691244,3197772544.00
2024/12/12,2.217,2.258,2.212,2.248,1910954845,4274890496.00
2024/12/13,2.231,2.233,2.190,2.193,1780555011,3936277760.00
2024/12/16,2.190,2.192,2.148,2.158,1255253661,2716261888.00
2024/12/17,2.156,2.189,2.153,2.159,1695995491,3681413120.00
2024/12/18,2.167,2.173,2.150,2.158,1073433814,2318259712.00
2024/12/19,2.137,2.178,2.132,2.171,1448207591,3123320320.00
2024/12/20,2.166,2.190,2.157,2.169,1255558193,2726937856.00
2024/12/23,2.163,2.180,2.142,2.147,1300841400,2810536448.00
2024/12/24,2.148,2.172,2.143,2.170,1558187982,3361542144.00
2024/12/25,2.173,2.175,2.144,2.156,1159452844,2502557696.00
2024/12/26,2.160,2.176,2.152,2.166,1065508375,2309054208.00
2024/12/27,2.166,2.192,2.154,2.163,1482658799,3218106368.00
2024/12/30,2.158,2.174,2.155,2.165,1020296318,2207790592.00
2024/12/31,2.162,2.165,2.101,2.102,1904747573,4056325376.00
2025/01/02,2.096,2.097,2.000,2.019,2299909269,4709844480.00
2025/01/03,2.020,2.027,1.976,1.978,2016672390,4033495040.00
2025/01/06,1.978,1.994,1.962,1.976,1679476900,3322854144.00
2025/01/07,1.965,1.990,1.951,1.990,1695431321,3344010752.00
2025/01/08,1.975,1.990,1.925,1.968,2279532895,4466166272.00
2025/01/09,1.956,1.985,1.954,1.971,1352568136,2671984384.00
2025/01/10,1.967,1.983,1.938,1.938,1206162209,2366472704.00
2025/01/13,1.916,1.959,1.916,1.942,1351760825,2622517504.00
2025/01/14,1.950,2.037,1.942,2.036,2836315455,5666356736.00
2025/01/15,2.022,2.025,1.992,1.999,1750519097,3511330304.00
2025/01/16,2.009,2.044,1.990,2.010,1933073844,3896733952.00
2025/01/17,1.999,2.043,1.998,2.026,1607214473,3249604096.00
2025/01/20,2.047,2.077,2.046,2.062,1935127801,3993926656.00
2025/01/21,2.081,2.083,2.048,2.070,1065999429,2200294912.00
2025/01/22,2.063,2.069,2.041,2.059,1110611438,2281647104.00
2025/01/23,2.082,2.110,2.052,2.052,1738134066,3618632192.00
2025/01/24,2.045,2.092,2.044,2.084,1501141344,3113708544.00
2025/01/27,2.086,2.087,2.028,2.028,1424693201,2922348800.00
2025/02/05,2.043,2.047,2.016,2.024,1104967502,2240818432.00
2025/02/06,2.022,2.082,2.017,2.080,1701774951,3505456896.00
2025/02/07,2.080,2.159,2.080,2.131,2746998348,5838437888.00
2025/02/10,2.140,2.147,2.114,2.142,1322839817,2821357568.00
2025/02/11,2.141,2.142,2.110,2.113,1067453235,2260594944.00
2025/02/12,2.107,2.154,2.101,2.150,1562336440,3322841600.00
2025/02/13,2.145,2.163,2.133,2.135,1498365582,3217541888.00
2025/02/14,2.134,2.181,2.132,2.174,2157786096,4668509696.00
2025/02/17,2.198,2.200,2.166,2.182,1650052695,3606618112.00
2025/02/18,2.178,2.190,2.131,2.140,1336311044,2892733184.00
2025/02/19,2.136,2.186,2.133,2.185,1381906367,2996598016.00
2025/02/20,2.179,2.191,2.161,2.184,1007331983,2194588160.00
2025/02/21,2.185,2.242,2.185,2.239,1818252273,4035502080.00
2025/02/24,2.232,2.240,2.201,2.221,1544732365,3431453184.00
2025/02/25,2.189,2.222,2.185,2.197,1455833590,3203034880.00
2025/02/26,2.199,2.225,2.190,2.223,1344108588,2970832896.00
2025/02/27,2.224,2.237,2.183,2.212,1342483472,2963835904.00
2025/02/28,2.197,2.198,2.123,2.128,1895179214,4095199232.00
2025/03/03,2.133,2.189,2.120,2.154,2012943656,4353724928.00
2025/03/04,2.131,2.151,2.120,2.149,1075561554,2299059712.00
2025/03/05,2.147,2.159,2.131,2.149,958304531,2053850496.00
2025/03/06,2.162,2.200,2.160,2.191,1763060623,3849694976.00
2025/03/07,2.181,2.183,2.152,2.160,1259617935,2731623936.00
2025/03/10,2.166,2.174,2.140,2.159,1057825706,2277006336.00
2025/03/11,2.135,2.161,2.131,2.159,1109701187,2382242816.00
2025/03/12,2.170,2.172,2.148,2.149,1044119531,2254199808.00
2025/03/13,2.146,2.158,2.113,2.125,1114060701,2373852160.00
2025/03/14,2.125,2.190,2.120,2.186,1964722065,4259565056.00
2025/03/17,2.188,2.191,2.169,2.173,1018689200,2217737728.00
2025/03/18,2.182,2.201,2.173,2.185,1116734054,2442376960.00
2025/03/19,2.181,2.195,2.166,2.178,956447233,2084327424.00
2025/03/20,2.178,2.180,2.155,2.158,874402155,1894715264.00
2025/03/21,2.153,2.159,2.108,2.112,1421201720,3023428352.00
2025/03/24,2.110,2.118,2.084,2.112,942742271,1982939136.00
2025/03/25,2.112,2.123,2.094,2.105,933635170,1967146624.00
2025/03/26,2.100,2.117,2.097,2.098,883948452,1861535872.00
2025/03/27,2.093,2.125,2.076,2.103,934864047,1963608448.00
2025/03/28,2.101,2.112,2.087,2.089,816200600,1710499712.00
2025/03/31,2.079,2.083,2.047,2.064,1231822143,2541748480.00
2025/04/01,2.067,2.087,2.060,2.062,930483877,1927320576.00
2025/04/02,2.062,2.081,2.057,2.064,730318817,1510412672.00
2025/04/03,2.042,2.057,2.018,2.027,1562642278,3181473024.00
2025/04/07,1.930,1.931,1.721,1.775,6950586700,12659760128.00
2025/04/08,1.792,1.844,1.777,1.804,2929732212,5298034688.00
2025/04/09,1.762,1.838,1.743,1.823,3192985707,5760841728.00
2025/04/10,1.880,1.908,1.860,1.863,2909461825,5475497984.00
2025/04/11,1.845,1.907,1.844,1.892,1860534888,3492329728.00
2025/04/14,1.915,1.919,1.892,1.895,1303328059,2481540096.00
2025/04/15,1.895,1.903,1.881,1.893,994336404,1879135616.00
2025/04/16,1.885,1.885,1.844,1.870,1728180934,3218073600.00
2025/04/17,1.859,1.887,1.856,1.873,1108408392,2081248896.00
2025/04/18,1.865,1.881,1.862,1.878,888856981,1664135296.00
2025/04/21,1.874,1.910,1.865,1.908,1228790651,2328928000.00
2025/04/22,1.903,1.911,1.895,1.899,868982666,1652435840.00
2025/04/23,1.917,1.933,1.906,1.919,1517964084,2915749888.00
2025/04/24,1.916,1.929,1.902,1.907,1220739638,2336068864.00
2025/04/25,1.913,1.932,1.908,1.920,1202452000,2309659904.00
2025/04/28,1.918,1.921,1.901,1.906,699126100,1334167168.00
2025/04/29,1.902,1.912,1.895,1.903,679507027,1293918080.00
2025/04/30,1.905,1.926,1.904,1.921,1065559528,2044909440.00
2025/05/06,1.936,1.959,1.935,1.958,1039514455,2026370688.00
2025/05/07,1.995,2.007,1.953,1.967,1734873221,3426132224.00
2025/05/08,1.963,2.006,1.961,2.001,1580404668,3148925952.00
2025/05/09,2.000,2.001,1.975,1.984,820913201,1629568512.00
2025/05/12,2.013,2.037,2.007,2.037,1558494886,3149770496.00
2025/05/13,2.062,2.065,2.027,2.030,1095212169,2234622720.00
2025/05/14,2.032,2.074,2.021,2.054,1221065338,2496059392.00
2025/05/15,2.046,2.047,2.012,2.012,853339514,1727955328.00
2025/05/16,2.006,2.020,2.005,2.008,594697516,1197218176.00
2025/05/19,2.006,2.008,1.988,2.002,737994990,1474714624.00
2025/05/20,2.009,2.031,1.997,2.018,784444646,1580369536.00
2025/05/21,2.020,2.047,2.019,2.034,1024128512,2083758976.00
2025/05/22,2.036,2.037,2.014,2.016,561539403,1135814272.00
2025/05/23,2.015,2.030,1.994,1.994,727237904,1463619712.00
2025/05/26,1.990,1.997,1.965,1.977,753296212,1489711360.00
2025/05/27,1.976,1.976,1.957,1.967,746429114,1466776064.00
2025/05/28,1.969,1.975,1.956,1.959,719516754,1414015488.00
2025/05/29,1.962,1.991,1.961,1.989,934137946,1850177024.00
2025/05/30,1.980,1.980,1.963,1.972,661225455,1303691520.00
2025/06/03,1.961,1.987,1.960,1.977,575877829,1139384064.00
2025/06/04,1.983,2.006,1.982,2.000,738909333,1475808256.00
2025/06/05,2.001,2.029,1.989,2.023,808452949,1624628224.00
2025/06/06,2.022,2.027,2.010,2.017,514750401,1037863360.00
2025/06/09,2.020,2.051,2.020,2.034,844534684,1721674752.00
2025/06/10,2.034,2.041,1.999,2.012,938502285,1894152192.00
2025/06/11,2.016,2.053,2.016,2.038,873272046,1781856896.00
2025/06/12,2.033,2.052,2.027,2.040,612476040,1250732928.00
2025/06/13,2.033,2.042,2.015,2.020,730211530,1480102784.00
2025/06/16,2.019,2.039,2.016,2.037,497644794,1011261440.00
2025/06/17,2.040,2.041,2.023,2.028,425257474,863471360.00
2025/06/18,2.027,2.038,2.017,2.034,493112727,999608192.00
2025/06/19,2.028,2.036,2.000,2.005,698947902,1408373504.00
2025/06/20,2.005,2.015,1.987,1.988,592674400,1183215488.00
2025/06/23,1.980,2.001,1.975,1.998,606865720,1207204096.00
2025/06/24,2.004,2.044,2.003,2.044,1238842943,2518135552.00
2025/06/25,2.050,2.113,2.050,2.109,1638197267,3406556928.00
2025/06/26,2.109,2.121,2.092,2.093,1104073901,2325635072.00
2025/06/27,2.100,2.125,2.091,2.101,1132678036,2389373184.00
2025/06/30,2.110,2.134,2.106,2.133,1063413134,2255934720.00
2025/07/01,2.128,2.131,2.112,2.126,675800751,1434048640.00
2025/07/02,2.123,2.123,2.097,2.104,686930771,1445894912.00
2025/07/03,2.110,2.147,2.108,2.141,1043751582,2221641216.00
2025/07/04,2.141,2.167,2.131,2.133,1077084673,2308805632.00
2025/07/07,2.126,2.134,2.106,2.110,763151365,1613281920.00
2025/07/08,2.109,2.161,2.107,2.159,1259122742,2700369152.00
2025/07/09,2.157,2.183,2.155,2.163,1122364524,2435283968.00
2025/07/10,2.170,2.179,2.153,2.169,845535637,1830798208.00
2025/07/11,2.169,2.202,2.159,2.185,1141929926,2493790464.00
2025/07/14,2.180,2.187,2.167,2.177,666132475,1449095552.00
2025/07/15,2.184,2.223,2.184,2.212,1427317746,3151896320.00
2025/07/16,2.217,2.237,2.205,2.206,801457056,1778554112.00
2025/07/17,2.205,2.247,2.204,2.247,961569362,2146267392.00
2025/07/18,2.256,2.274,2.241,2.252,944040957,2131512960.00
2025/07/21,2.258,2.275,2.251,2.275,991144198,2244881664.00
2025/07/22,2.274,2.291,2.267,2.289,1078462481,2460630784.00
2025/07/23,2.288,2.310,2.281,2.287,1233562231,2829799424.00
2025/07/24,2.297,2.325,2.291,2.325,1034695230,2386144768.00
2025/07/25,2.326,2.326,2.308,2.318,761029232,1763030400.00
2025/07/28,2.322,2.344,2.311,2.342,864799530,2015532160.00
2025/07/29,2.338,2.384,2.332,2.383,1042305253,2458006784.00
2025/07/30,2.378,2.378,2.325,2.345,1795294339,4225955584.00
2025/07/31,2.354,2.370,2.299,2.301,1980383619,4628163584.00
2025/08/01,2.296,2.324,2.281,2.303,1137125338,2620619520.00
2025/08/04,2.285,2.313,2.282,2.313,765103895,1755984128.00
2025/08/05,2.326,2.328,2.300,2.320,1046431524,2423350528.00
2025/08/06,2.314,2.338,2.312,2.336,869174240,2023667968.00
2025/08/07,2.338,2.350,2.300,2.320,1103568855,2561935104.00
2025/08/08,2.314,2.331,2.307,2.312,746176413,1728760960.00
2025/08/11,2.317,2.362,2.312,2.357,1159751841,2719858176.00
2025/08/12,2.358,2.385,2.345,2.385,1112049474,2635789056.00
2025/08/13,2.395,2.475,2.391,2.473,1897685098,4624232960.00
2025/08/14,2.473,2.489,2.438,2.446,1489282660,3670029056.00
2025/08/15,2.435,2.518,2.435,2.509,1427117283,3545929728.00
2025/08/18,2.520,2.608,2.504,2.582,2296931519,5893785600.00
2025/08/19,2.575,2.610,2.561,2.575,1635409032,4222774272.00
2025/08/20,2.551,2.588,2.524,2.588,2059444126,5260551168.00
2025/08/21,2.589,2.605,2.558,2.572,1882804391,4859237888.00
2025/08/22,2.566,2.663,2.563,2.662,2165908940,5681940992.00
2025/08/25,2.693,2.760,2.675,2.737,2751414023,7457636352.00
2025/08/26,2.727,2.750,2.702,2.716,2091832159,5706483200.00
2025/08/27,2.716,2.796,2.696,2.696,2943477589,8091777024.00
2025/08/28,2.680,2.807,2.677,2.806,2682020771,7337066496.00
2025/08/29,2.799,2.909,2.780,2.865,2476060762,7050496000.00
2025/09/01,2.880,2.932,2.859,2.927,2064101171,5979182592.00
2025/09/02,2.922,2.954,2.815,2.848,3020220527,8691244032.00
2025/09/03,2.852,2.899,2.832,2.870,2918703247,8367566336.00
2025/09/04,2.899,2.930,2.716,2.751,3504601930,9856433152.00
2025/09/05,2.750,2.947,2.749,2.944,2742078899,7802430976.00
2025/09/08,2.946,2.951,2.856,2.908,2496878153,7234949632.00
2025/09/09,2.866,2.898,2.818,2.845,1704675452,4870733824.00
2025/09/10,2.857,2.900,2.833,2.875,1859579380,5345322496.00
2025/09/11,2.883,3.027,2.871,3.025,2629737283,7786806784.00
2025/09/12,3.010,3.033,2.982,2.995,2125362296,6394148352.00
2025/09/15,3.006,3.080,3.006,3.037,1713662026,5227741696.00
2025/09/16,3.039,3.064,2.993,3.059,1888634980,5729178112.00
2025/09/17,3.055,3.125,3.036,3.119,1668757276,5154304000.00
2025/09/18,3.115,3.141,3.024,3.067,2719063197,8408306176.00
2025/09/19,3.067,3.101,3.046,3.062,1712231771,5266798592.00
2025/09/22,3.068,3.082,3.026,3.082,1382078742,4228087808.00
2025/09/23,3.115,3.130,3.015,3.093,2232003421,6865555968.00
2025/09/24,3.063,3.162,3.061,3.160,1944989513,6065236992.00
2025/09/25,3.150,3.240,3.134,3.211,1625732422,5199641600.00
2025/09/26,3.193,3.226,3.126,3.129,1692755881,5368043520.00
2025/09/29,3.126,3.233,3.126,3.213,1632847130,5208289792.00
2025/09/30,3.221,3.254,3.194,3.217,1240171175,3995389184.00
2025/10/09,3.217,3.297,3.217,3.235,1743566568,5667232768.00
2025/10/10,3.201,3.217,3.072,3.095,2227643125,6981652480.00
2025/10/13,2.952,3.073,2.951,3.054,2223548267,6730538496.00
2025/10/14,3.093,3.106,2.920,2.934,2411647285,7241505280.00
2025/10/15,2.932,3.010,2.905,3.003,1877004280,5552036864.00
2025/10/16,2.984,3.044,2.978,3.014,1548870353,4670184448.00
2025/10/17,3.002,3.021,2.910,2.915,1552640674,4576629248.00
2025/10/20,2.976,3.020,2.948,2.971,1556678678,4642754560.00
2025/10/21,2.999,3.078,2.972,3.062,1735963311,5272466432.00
2025/10/22,3.037,3.067,3.020,3.039,1174128749,3571697664.00
2025/10/23,3.021,3.045,2.980,3.038,998545786,3006639872.00
2025/10/24,3.069,3.147,3.058,3.147,1494880490,4637974016.00
2025/10/27,3.209,3.218,3.155,3.209,1509668463,4823568384.00
2025/10/28,3.189,3.258,3.181,3.205,1353329704,4352354304.00
2025/10/29,3.235,3.300,3.234,3.300,1370135646,4473209344.00
2025/10/30,3.296,3.308,3.235,3.239,1406883999,4602035200.00
2025/10/31,3.235,3.258,3.164,3.166,1495642875,4795957248.00
2025/11/03,3.152,3.178,3.098,3.176,1291988794,4057838592.00
2025/11/04,3.166,3.184,3.087,3.112,1277900258,3999079168.00
2025/11/05,3.060,3.157,3.046,3.142,1312861492,4073292032.00
2025/11/06,3.158,3.213,3.153,3.201,1334422974,4251348480.00
2025/11/07,3.184,3.218,3.155,3.185,970514620,3090346752.00
2025/11/10,3.200,3.215,3.117,3.158,1174688849,3697770240.00
2025/11/11,3.175,3.188,3.107,3.113,1057309779,3323335936.00
2025/11/12,3.095,3.116,3.058,3.108,1181466117,3648762880.00
2025/11/13,3.094,3.188,3.086,3.182,1601868261,5045454848.00
2025/11/14,3.146,3.146,3.091,3.093,1221752298,3818689024.00
2025/11/17,3.074,3.101,3.060,3.084,982889105,3024962816.00
2025/11/18,3.069,3.095,3.032,3.051,1252458681,3834326272.00
2025/11/19,3.051,3.092,3.041,3.057,1325419541,4059815424.00
2025/11/20,3.106,3.113,3.019,3.026,1380802267,4222309888.00
2025/11/21,2.990,2.990,2.903,2.904,2381325312,7001979904.00
#:
